A,B,C,D,E,F,G,H
Wavelength (nm),Molar Extinction (cm-1/M) ,Original Wavelength (nm),Original Molar Extinction (cm-1/M),Wavelength (nm),PL Emission (AU),Original Wavelength (nm),Original PL Emission (AU)
219.74,33450,700,0.00004,490,13148,490,13148.74
219.99,33507,699.75,0.00224,491,14315,491,14315.87
220.24,33663,699.5,0.00086,492,15015,492,15015.32
220.49,33985,699.25,0.00151,493,16313,493,16313.64
220.74,33740,699,0.00068,494,17564,494,17564.14
220.99,34158,698.75,-0.00055,495,19547,495,19547.73
221.24,33997,698.5,-0.00063,496,22274,496,22274.57
221.49,34083,698.25,0.00086,497,25624,497,25624.68
221.74,34279,698,0.00141,498,29420,498,29420.32
221.99,34442,697.75,0.00072,499,34294,499,34294.88
222.24,34207,697.5,0.00088,500,40162,500,40162.94
222.49,34464,697.25,0.00283,501,46897,501,46897.57
222.74,34505,697,0.00345,502,55035,502,55035.66
222.99,34370,696.75,0.00213,503,66616,503,66616.13
223.24,34117,696.5,0.00154,504,80669,504,80669.65
223.49,34286,696.25,-0.00013,505,98124,505,98124.44
223.74,34327,696,0.00075,506,120009,506,120009
223.99,34231,695.75,0.00373,507,145449,507,145449
224.24,34119,695.5,0.00107,508,178772,508,178772.5
224.49,34309,695.25,0.00214,509,220741,509,220741.6
224.74,34193,695,0.00089,510,267967,510,267967.8
224.99,34287,694.75,0.00206,511,327132,511,327132.2
225.24,33878,694.5,0.00169,512,401921,512,401921.2
225.49,34042,694.25,0.00076,513,489430,513,489430.9
225.74,33689,694,0.00133,514,601958,514,601958.9
225.99,33722,693.75,0.00003,515,736088,515,736088.3
226.24,33457,693.5,0.00015,516,897712,516,897712.8
226.49,33391,693.25,-0.0004,517,1084250,517,1084250
226.74,33212,693,0.0021,518,1316014,518,1316014
226.99,33412,692.75,0.00202,519,1575133,519,1575133
227.24,32994,692.5,0.00146,520,1889493,520,1889493
227.49,33125,692.25,0.0032,521,2257304,521,2257304
227.74,32686,692,0.00036,522,2688226,522,2688226
227.99,32967,691.75,0.00301,523,3191134,523,3191134
228.24,32821,691.5,0.00122,524,3745975,524,3745975
228.49,32581,691.25,0.00111,525,4360153,525,4360153
228.74,32552,691,0.00187,526,5083475,526,5083475
228.99,32621,690.75,0.00018,527,5875076,527,5875076
229.24,32181,690.5,0.00071,528,6743137,528,6743137
229.49,32226,690.25,-0.00001,529,7690824,529,7690824
229.74,31941,690,0.00152,530,8655486,530,8655486
229.99,31819,689.75,0.00057,531,9631630,531,9631630
230.24,31993,689.5,0.00049,532,10592750,532,10592750
230.49,32036,689.25,0.00322,533,11532870,533,11532870
230.74,31760,689,-0.00009,534,12442400,534,12442400
230.99,31812,688.75,0.00165,535,13318610,535,13318610
231.24,31549,688.5,0.00004,536,14182540,536,14182540
231.49,31582,688.25,-0.000008387,537,14996020,537,14996020
231.74,31417,688,0.00013,538,15775290,538,15775290
231.99,31495,687.75,0.00086,539,16503650,539,16503650
232.24,31672,687.5,0.00091,540,17182910,540,17182910
232.49,31347,687.25,0.00003,541,17762070,541,17762070
232.74,31253,687,0.00274,542,18288600,542,18288600
232.99,31214,686.75,0.0031,543,18753850,543,18753850
233.24,31323,686.5,0.00221,544,19163270,544,19163270
233.49,31231,686.25,0.002,545,19518740,545,19518740
233.74,31347,686,0.0007,546,19827650,546,19827650
233.99,31335,685.75,0.001,547,20108370,547,20108370
234.24,31685,685.5,0.00139,548,20297320,548,20297320
234.49,31664,685.25,0.00105,549,20458030,549,20458030
234.74,31705,685,0.00064,550,20543950,550,20543950
234.99,31868,684.75,-0.00044,551,20620840,551,20620840
235.24,32037,684.5,0.00225,552,20639660,552,20639660
235.49,32204,684.25,0.00035,553,20593400,553,20593400
235.74,32248,684,0.001,554,20484550,554,20484550
235.99,32537,683.75,-0.00047,555,20354190,555,20354190
236.24,32944,683.5,0.00133,556,20219320,556,20219320
236.49,33037,683.25,0.00206,557,20042940,557,20042940
236.74,33044,683,-0.00023,558,19851940,558,19851940
236.99,33596,682.75,0.00044,559,19616920,559,19616920
237.24,33752,682.5,-0.00117,560,19367710,560,19367710
237.49,34123,682.25,0.00212,561,19067140,561,19067140
237.74,34391,682,-0.00032,562,18754820,562,18754820
237.99,34587,681.75,0.00039,563,18397900,563,18397900
238.24,35023,681.5,0.00018,564,18030860,564,18030860
238.49,35234,681.25,0.00239,565,17667120,565,17667120
238.74,35642,681,0.00125,566,17314670,566,17314670
238.99,35899,680.75,-0.00034,567,16961020,567,16961020
239.24,36209,680.5,-0.00007,568,16547920,568,16547920
239.49,36470,680.25,-0.00007,569,16171930,569,16171930
239.74,36726,680,0.00225,570,15786370,570,15786370
239.99,37358,679.75,0.00084,571,15390280,571,15390280
240.24,37663,679.5,0.00041,572,15023180,572,15023180
240.49,37818,679.25,0.00083,573,14639330,573,14639330
240.74,38198,679,0.00153,574,14297520,574,14297520
240.99,38734,678.75,0.00337,575,13882540,575,13882540
241.24,38797,678.5,0.00121,576,13542560,576,13542560
241.49,39420,678.25,0.00096,577,13199350,577,13199350
241.74,39920,678,-0.0007,578,12843490,578,12843490
241.99,40278,677.75,0.0007,579,12542050,579,12542050
242.24,40387,677.5,0.00158,580,12266730,580,12266730
242.49,40778,677.25,0.00126,581,12013690,581,12013690
242.74,41188,677,0.00301,582,11765870,582,11765870
242.99,41532,676.75,0.00276,583,11530660,583,11530660
243.24,42091,676.5,0.00153,584,11325840,584,11325840
243.49,42487,676.25,-0.00141,585,11104140,585,11104140
243.74,42813,676,0.00218,586,10898860,586,10898860
243.99,43277,675.75,0.00071,587,10701990,587,10701990
244.24,43598,675.5,0.00182,588,10494260,588,10494260
244.49,43763,675.25,-0.00003,589,10319770,589,10319770
244.74,44126,675,0.00086,590,10142920,590,10142920
244.99,44422,674.75,0.00091,591,9980377,591,9980377
245.24,44832,674.5,0.00171,592,9800123,592,9800123
245.49,44921,674.25,0.00222,593,9641349,593,9641349
245.74,45169,674,-0.00005,594,9477500,594,9477500
245.99,45382,673.75,0.00041,595,9291343,595,9291343
246.24,45766,673.5,0.00288,596,9128556,596,9128556
246.49,45936,673.25,0.00307,597,8960219,597,8960219
246.74,46057,673,-0.00047,598,8769413,598,8769413
246.99,46317,672.75,-0.00154,599,8589643,599,8589643
247.24,46496,672.5,0.00204,600,8384350,600,8384350
247.49,46536,672.25,0.00198,601,8177985,601,8177985
247.74,46516,672,-0.00139,602,7974957,602,7974957
247.99,46428,671.75,-0.00125,603,7781046,603,7781046
248.24,46406,671.5,0.00248,604,7585611,604,7585611
248.49,46359,671.25,0.00275,605,7399598,605,7399598
248.74,46125,671,-0.00022,606,7208422,606,7208422
248.99,45858,670.75,0.00095,607,7015756,607,7015756
249.24,45628,670.5,-0.00198,608,6822359,608,6822359
249.49,45411,670.25,0.00235,609,6624252,609,6624252
249.74,44941,670,0.00213,610,6422951,610,6422951
249.99,44527,669.75,-0.00149,611,6219271,611,6219271
250.24,43764,669.5,-0.0005,612,6014321,612,6014321
250.49,43325,669.25,0.00062,613,5840831,613,5840831
250.74,42649,669,0.00306,614,5640033,614,5640033
250.99,41849,668.75,0.00186,615,5464880,615,5464880
251.24,41065,668.5,0.00181,616,5289370,616,5289370
251.49,40071,668.25,0.00111,617,5109209,617,5109209
251.74,39177,668,0.00082,618,4926530,618,4926530
251.99,38147,667.75,0.0029,619,4760328,619,4760328
252.24,37277,667.5,0.00052,620,4592609,620,4592609
252.49,36261,667.25,-0.00096,621,4437986,621,4437986
252.74,35194,667,0.00103,622,4291451,622,4291451
252.99,34204,666.75,0.00113,623,4140575,623,4140575
253.24,33189,666.5,0.00327,624,3984207,624,3984207
253.49,32114,666.25,-0.00113,625,3818189,625,3818189
253.74,31107,666,0.00181,626,3657552,626,3657552
253.99,30104,665.75,0.00011,627,3510046,627,3510046
254.24,28946,665.5,0.00102,628,3377102,628,3377102
254.49,28164,665.25,-0.0016,629,3256020,629,3256020
254.74,27450,665,-0.00083,630,3140757,630,3140757
254.99,27111,664.75,-0.00015,631,3027516,631,3027516
255.24,26381,664.5,0.00209,632,2926481,632,2926481
255.49,25452,664.25,-0.00049,633,2830282,633,2830282
255.74,24547,664,-0.0009,634,2722932,634,2722932
255.99,23848,663.75,0.00167,635,2635995,635,2635995
256.24,23179,663.5,0.0028,636,2531611,636,2531611
256.49,22307,663.25,0.0014,637,2448388,637,2448388
256.74,21682,663,-0.00014,638,2369784,638,2369784
256.99,21022,662.75,0.00129,639,2284774,639,2284774
257.24,20362,662.5,0.00402,640,2206984,640,2206984
257.49,19594,662.25,0.00104,641,2134975,641,2134975
257.74,19231,662,0.00063,642,2072609,642,2072609
257.99,18759,661.75,-0.00013,643,2003630,643,2003630
258.24,18327,661.5,0.00282,644,1942829,644,1942829
258.49,17882,661.25,0.00392,645,1884824,645,1884824
258.74,17676,661,0.00076,646,1827926,646,1827926
258.99,17241,660.75,0.00071,647,1776311,647,1776311
259.24,16850,660.5,-0.0011,648,1716047,648,1716047
259.49,16553,660.25,0.00281,649,1660884,649,1660884
259.74,16311,660,0.0004,650,1606317,650,1606317
259.99,15928,659.75,0.00038,651,1561100,651,1561100
260.24,15822,659.5,-0.00084,652,1521991,652,1521991
260.49,15659,659.25,0.0017,653,1470576,653,1470576
260.74,15540,659,0.0001,654,1432221,654,1432221
260.99,15376,658.75,0.0014,655,1393262,655,1393262
261.24,15370,658.5,0.00166,656,1354086,656,1354086
261.49,15194,658.25,0.0006,657,1312743,657,1312743
261.74,15130,657.99999,0.00356,658,1273063,658,1273063
261.99,15000,657.74999,0.00001,659,1240857,659,1240857
262.24,14862,657.49999,0.00019,660,1203673,660,1203673
262.49,14959,657.24999,-0.0001,661,1170039,661,1170039
262.74,14791,656.99999,-0.00012,662,1135198,662,1135198
262.99,14877,656.74999,0.00174,663,1105753,663,1105753
263.24,14814,656.49999,-0.00118,664,1067096,664,1067096
263.49,14868,656.24999,0.00112,665,1034713,665,1034713
263.74,14947,655.99999,0.00176,666,1004846,666,1004846
263.99,14888,655.74999,0.00169,667,974160,667,974160.8
264.24,14866,655.49999,0.00306,668,952833,668,952833.6
264.49,14940,655.24999,0.0002,669,925581,669,925581.3
264.74,15127,654.99999,0.00018,670,893852,670,893852.3
264.99,15118,654.74999,-0.00149,671,867572,671,867572.8
265.24,15313,654.49999,0.00199,672,840397,672,840397.4
265.49,15269,654.24999,-0.00011,673,813823,673,813823.1
265.74,15313,653.99999,-0.00177,674,785389,674,785389.1
265.99,15480,653.74999,0.00091,675,761590,675,761590.5
266.24,15594,653.49999,0.00151,676,736643,676,736643.7
266.49,15608,653.24999,0.0031,677,709808,677,709808.8
266.74,15880,652.99999,-0.00089,678,692984,678,692984.7
266.99,16052,652.74999,0.001,679,669713,679,669713.5
267.24,16124,652.49999,0.00095,680,642802,680,642802.1
267.49,16245,652.24999,0.00276,681,627844,681,627844.1
267.74,16392,651.99999,0.00022,682,606543,682,606543.8
267.99,16398,651.74999,-0.0017,683,584766,683,584766.4
268.24,16417,651.49999,0.00219,684,566680,684,566680.4
268.49,16561,651.24999,0.00134,685,547542,685,547542.8
268.74,16861,650.99999,0.00057,686,528587,686,528587
268.99,17021,650.74999,0.00107,687,514106,687,514106.3
269.24,17291,650.49999,0.0013,688,496499,688,496499.8
269.49,17362,650.24999,0.00356,689,479052,689,479052.6
269.74,17446,649.99999,0.00084,690,465799,690,465799.8
269.99,17661,649.74999,-0.00063,691,452389,691,452389.6
270.24,17794,649.49999,-0.00036,692,435197,692,435197.9
270.49,17932,649.24999,0.0007,693,418551,693,418551.2
270.74,18072,648.99999,0.00056,694,406930,694,406930.4
270.99,18172,648.74999,0.0005,695,396255,695,396255.4
271.24,18218,648.49999,-0.00031,696,382532,696,382532.4
271.49,18337,648.24999,0.0006,697,370766,697,370766.1
271.74,18467,647.99999,0.00117,698,360546,698,360546.4
271.99,18526,647.74999,0.00145,699,353328,699,353328.2
272.24,18834,647.49999,0.00206,700,336374,700,336374.2
272.49,18801,647.24999,0.00253,701,325911,701,325911.5
272.74,19003,646.99999,0.00051,702,318318,702,318318.3
272.99,18972,646.74999,0.00025,703,308981,703,308981
273.24,19117,646.49999,0.00122,704,299454,704,299454.5
273.49,19073,646.24999,-0.00042,705,289922,705,289922.3
273.74,19165,645.99999,0.00012,706,282438,706,282438
273.99,19175,645.74999,0.00228,707,273967,707,273967
274.24,19386,645.49999,0.00133,708,266100,708,266100
274.49,19345,645.24999,0.0006,709,257366,709,257366.2
274.74,19471,644.99999,0.00095,710,251110,710,251110.8
274.99,19493,644.74999,0.00046,711,244282,711,244282.7
275.24,19394,644.49999,0.00033,712,240567,712,240567.1
275.49,19621,644.24999,0.00034,713,233538,713,233538.2
275.74,19454,643.99999,0.00081,714,228373,714,228373.4
275.99,19506,643.74999,-0.00071,715,221358,715,221358.9
276.24,19515,643.49999,0.00239,716,218276,716,218276.2
276.49,19545,643.24999,0.00031,717,213658,717,213658.4
276.74,19527,642.99999,0.00121,718,209988,718,209988.1
276.99,19443,642.74999,0.00252,719,203828,719,203828.3
277.24,19480,642.49999,-0.00134,720,199263,720,199263.5
277.49,19450,642.24999,0.00088,721,191130,721,191130.5
277.74,19516,641.99999,0.00065,722,187496,722,187496.2
277.99,19379,641.74999,0.0004,723,185628,723,185628.8
278.24,19348,641.49999,-0.00044,724,179752,724,179752.5
278.49,19333,641.24999,0.0022,725,173971,725,173971.4
278.74,19235,640.99999,0.00142,726,171668,726,171668.5
278.99,19269,640.74999,-0.00092,727,170081,727,170081.5
279.24,19308,640.49999,0.00136,728,164876,728,164876.3
279.49,19052,640.24999,-0.00083,729,162467,729,162467.7
279.74,19243,639.99999,0.00219,730,158549,730,158549.1
279.99,19119,639.74999,0.00115,731,155771,731,155771.3
280.24,19049,639.49999,0.00006,732,151474,732,151474.5
280.49,19092,639.24999,-0.0009,733,148222,733,148222
280.74,19069,638.99999,0.00154,734,145697,734,145697.4
280.99,19176,638.74999,-0.00033,735,142127,735,142127.5
281.24,18933,638.49999,0.00035,736,141452,736,141452
281.49,18941,638.24999,0.00165,737,136549,737,136549.9
281.74,19051,637.99999,0.00246,738,136332,738,136332.9
281.99,18831,637.74999,0.00029,739,133094,739,133094.9
282.24,18749,637.49999,0.00258,740,132969,740,132969.7
282.49,18711,637.24999,0.0007,741,130045,741,130045.3
282.74,18571,636.99999,-0.00078,742,128006,742,128006.7
282.99,18655,636.74999,0.00208,743,124500,743,124500.5
283.24,18480,636.49999,0.00088,744,121178,744,121178.5
283.49,18523,636.24999,-0.00009,745,119661,745,119661.3
283.74,18449,635.99999,0.00213,746,116693,746,116693.7
283.99,18358,635.74999,0.00126,747,115284,747,115284.8
284.24,18107,635.49999,-0.00009,748,113583,748,113583.1
284.49,17970,635.24999,0.00169,749,112340,749,112340.1
284.74,17879,634.99999,-0.00042,750,108710,750,108710.5
284.99,17886,634.74999,0.00283,751,107881,751,107881.3
285.24,17772,634.49999,0.0015,752,107115,752,107115.2
285.49,17692,634.24999,0.00185,753,105568,753,105568.7
285.74,17646,633.99999,-0.0002,754,105500,754,105500.3
285.99,17409,633.74999,-0.00101,755,100261,755,100261.1
286.24,17529,633.49999,0.00128,756,100979,756,100979.7
286.49,17496,633.24999,0.00026,757,99013,757,99013.09
286.74,17328,632.99999,0.00226,758,96925,758,96925.71
286.99,17264,632.74999,-0.00191,759,96648,759,96648.17
287.24,17239,632.49999,0.00368,760,95143,760,95143.72
287.49,16849,632.24999,-0.00093,761,93385,761,93385.76
287.74,16908,631.99999,0.00094,762,92351,762,92351.81
287.99,16650,631.74999,0.00021,763,92962,763,92962.13
288.24,16750,631.49999,0.00176,764,89493,764,89493.02
288.49,16677,631.24999,0.00243,765,87547,765,87547.87
288.74,16501,630.99999,0.00033,766,88561,766,88561.18
288.99,16502,630.74999,0.00322,767,87022,767,87022.73
289.24,16524,630.49999,0.00166,768,86689,768,86689.95
289.49,16408,630.24999,0.00244,769,85281,769,85281.34
289.74,16491,629.99999,0.00405,770,83968,770,83968.95
289.99,16417,629.74999,-0.00165,771,83019,771,83019.53
290.24,16333,629.49999,0.00116,772,82045,772,82045.04
290.49,16314,629.24999,-0.00168,773,82125,773,82125.09
290.74,16228,628.99999,0.00212,774,84184,774,84184.4
290.99,16107,628.74999,0.0004,775,80909,775,80909.82
291.24,16257,628.49999,0.00277,776,79019,776,79019.8
291.49,16245,628.24999,0.00055,777,79357,777,79357.75
291.74,16099,627.99999,-0.00046,778,78774,778,78774.83
291.99,16165,627.74999,0.00254,779,77950,779,77950.14
292.24,16113,627.49999,0.00122,780,77574,780,77574.03
292.49,16131,627.24999,0.00257,781,78293,781,78293
292.74,16020,626.99999,0.00245,782,76079,782,76079.88
292.99,16075,626.74999,0.00254,783,77708,783,77708.18
293.24,15993,626.49999,-0.00217,784,77109,784,77109.01
293.49,15878,626.24999,0.00029,785,75587,785,75587.22
293.74,15810,625.99999,0.00148,786,78608,786,78608.65
293.99,15797,625.74999,-0.0004,787,74169,787,74169.48
294.24,15709,625.49999,0.00018,788,74252,788,74252.16
294.49,15786,625.24999,0.00264,789,74054,789,74054.94
294.74,15946,624.99999,0.00238,790,74176,790,74176.1
294.99,15707,624.74999,0.00312,791,71141,791,71141.4
295.24,15682,624.49999,-0.0001,792,71417,792,71417.35
295.49,15510,624.24999,0.00169,793,73732,793,73732.31
295.74,15525,623.99999,0.00053,794,72434,794,72434.35
295.99,15351,623.74999,0.00222,795,72836,795,72836.95
296.24,15312,623.49999,-0.00222,796,71647,796,71647.52
296.49,15207,623.24999,-0.00011,797,74378,797,74378.19
296.74,15230,622.99999,0.00335,798,72812,798,72812.84
296.99,15137,622.74999,0.00185,799,73710,799,73710
297.24,14862,622.49999,0.00129,800,73923,800,73923.46
297.49,14858,622.24999,0.00112,,,,
297.74,14585,621.99999,0.00231,,,,
297.99,14548,621.74999,-0.0013,,,,
298.24,14232,621.49999,0.00103,,,,
298.49,14205,621.24999,-0.00083,,,,
298.74,13949,620.99999,-0.00016,,,,
298.99,13784,620.74999,0.00249,,,,
299.24,13721,620.49999,0.00052,,,,
299.49,13312,620.24999,0.00236,,,,
299.74,13157,619.99999,-0.00246,,,,
299.99,13045,619.74999,-0.0002,,,,
300.24,12908,619.49999,0.0018,,,,
300.49,12701,619.24999,0.00021,,,,
300.74,12654,618.99999,0.00102,,,,
300.99,12396,618.74999,0.00277,,,,
301.24,12044,618.49999,0.00192,,,,
301.49,11915,618.24999,0.00081,,,,
301.74,11651,617.99999,-0.0009,,,,
301.99,11501,617.74999,-0.00025,,,,
302.24,11269,617.49999,0.00121,,,,
302.49,11109,617.24999,0.00061,,,,
302.74,10836,616.99999,-0.00027,,,,
302.99,10476,616.74999,0.00281,,,,
303.24,10360,616.49999,0.00137,,,,
303.49,10134,616.24999,0.00036,,,,
303.74,9954,615.99999,-0.00096,,,,
303.99,9764,615.74999,0.00016,,,,
304.24,9601,615.49999,0.00013,,,,
304.49,9215,615.24999,-0.00003,,,,
304.74,9268,614.99999,0.00289,,,,
304.99,8951,614.74999,-0.00069,,,,
305.24,8746,614.49999,-0.00039,,,,
305.49,8413,614.24999,0.00208,,,,
305.74,8166,613.99999,0.00342,,,,
305.99,7981,613.74999,0.00225,,,,
306.24,7924,613.49999,-0.00018,,,,
306.49,7963,613.24999,0.00157,,,,
306.74,7841,612.99999,0.00053,,,,
306.99,7486,612.74999,0.00163,,,,
307.24,7300,612.49999,-0.00286,,,,
307.49,7091,612.24999,0.00077,,,,
307.74,6972,611.99999,0.00035,,,,
307.99,6703,611.74999,0.00133,,,,
308.24,6563,611.49999,-0.00075,,,,
308.49,6405,611.24999,-0.00094,,,,
308.74,6296,610.99999,-0.00094,,,,
308.99,6203,610.74999,0.00365,,,,
309.24,6099,610.49999,-0.00001,,,,
309.49,5964,610.24999,0.00087,,,,
309.74,5924,609.99999,-0.00035,,,,
309.99,6290,609.74999,0.00089,,,,
310.24,5577,609.49999,-0.00118,,,,
310.49,5631,609.24999,-0.00097,,,,
310.74,5850,608.99999,-0.0006,,,,
310.99,5964,608.74999,0.00117,,,,
311.24,5436,608.49999,0.0019,,,,
311.49,5507,608.24999,0.00498,,,,
311.74,5761,607.99999,0.00142,,,,
311.99,5514,607.74999,-0.00115,,,,
312.24,4738,607.49999,0.00283,,,,
312.49,5599,607.24999,0.00056,,,,
312.74,5198,606.99999,-0.00008,,,,
312.99,5137,606.74999,-0.001,,,,
313.24,4980,606.49999,-0.00025,,,,
313.49,5311,606.24999,0.0018,,,,
313.74,5176,605.99999,-0.00021,,,,
313.99,4816,605.74999,0.00039,,,,
314.24,4988,605.49999,-0.00023,,,,
314.49,4698,605.24999,0.00125,,,,
314.74,4479,604.99999,0.00067,,,,
314.99,4301,604.74999,-0.00091,,,,
315.24,4412,604.49999,0.00072,,,,
315.49,4188,604.24999,-0.00088,,,,
315.74,4173,603.99999,0.00083,,,,
315.99,4515,603.74999,-0.00124,,,,
316.24,4219,603.49999,-0.00035,,,,
316.49,4317,603.24999,-0.00063,,,,
316.74,4304,602.99999,0.00161,,,,
316.99,4256,602.74999,0.00072,,,,
317.24,3944,602.49999,0.00051,,,,
317.49,4343,602.24999,0.00167,,,,
317.74,3915,601.99999,0.00143,,,,
317.99,4256,601.74999,0.00168,,,,
318.24,4265,601.49999,-0.00054,,,,
318.49,4039,601.24999,-0.00207,,,,
318.74,4162,600.99999,-0.00079,,,,
318.99,4384,600.74999,0.0003,,,,
319.24,4077,600.49999,0.00221,,,,
319.49,3793,600.24999,-0.00092,,,,
319.74,4479,599.99999,0.00006,,,,
319.99,4409,599.74999,0.00159,,,,
320.24,3494,599.49999,0.00181,,,,
320.49,4343,599.24999,-0.00101,,,,
320.74,4151,598.99999,-0.0026,,,,
320.99,4221,598.74999,0.00189,,,,
321.24,3774,598.49999,-0.00092,,,,
321.49,3842,598.24999,0.00191,,,,
321.74,3963,597.99999,-0.00123,,,,
321.99,4659,597.74999,-0.00025,,,,
322.24,4035,597.49999,0.00034,,,,
322.49,4174,597.24999,-0.00189,,,,
322.74,3861,596.99999,0.00115,,,,
322.99,3918,596.74999,-0.00057,,,,
323.24,4593,596.49999,-0.00059,,,,
323.49,4504,596.24999,0.00095,,,,
323.74,4369,595.99999,-0.00169,,,,
323.99,4200,595.74999,-0.00072,,,,
324.24,4295,595.49999,-0.00147,,,,
324.49,4568,595.24999,0.00206,,,,
324.74,4592,594.99999,0.00023,,,,
324.99,4547,594.74999,0.00159,,,,
325.24,5010,594.49999,-0.00187,,,,
325.49,4790,594.24999,0.0008,,,,
325.74,4523,593.99999,0.00217,,,,
325.99,4406,593.74999,0.00009,,,,
326.24,4215,593.49999,0.00032,,,,
326.49,4799,593.24999,0.00102,,,,
326.74,4816,592.99999,0.00168,,,,
326.99,5004,592.74999,0.00049,,,,
327.24,4922,592.49999,0.00245,,,,
327.49,4944,592.24999,0.00152,,,,
327.74,5004,591.99999,0.00032,,,,
327.99,4983,591.74999,0.00253,,,,
328.24,5191,591.49999,-0.00143,,,,
328.49,5169,591.24999,0.00182,,,,
328.74,5484,590.99999,-0.00003,,,,
328.99,4941,590.74999,0.00231,,,,
329.24,5438,590.49999,0.0009,,,,
329.49,5608,590.24999,-0.00194,,,,
329.74,5408,589.99999,0.00047,,,,
329.99,5509,589.74999,-0.00039,,,,
330.24,5734,589.49999,0.00103,,,,
330.49,6127,589.24999,0.00034,,,,
330.74,5922,588.99999,-0.00072,,,,
330.99,6026,588.74999,0.00095,,,,
331.24,6115,588.49999,-0.00061,,,,
331.49,5454,588.24999,0.00239,,,,
331.74,5970,587.99999,0.00022,,,,
331.99,6128,587.74999,0.00097,,,,
332.24,6423,587.49999,0.00243,,,,
332.49,6131,587.24999,0.00097,,,,
332.74,5743,586.99999,0.00078,,,,
332.99,6397,586.74999,-0.00068,,,,
333.24,5950,586.49999,0.00227,,,,
333.49,6290,586.24999,0.00239,,,,
333.74,6671,585.99999,0.00288,,,,
333.99,6309,585.74999,0.0011,,,,
334.24,6578,585.49999,0.00313,,,,
334.49,6208,585.24999,0.00133,,,,
334.74,6327,584.99999,-0.00018,,,,
334.99,6293,584.74999,-0.00044,,,,
335.24,5994,584.49999,-0.00196,,,,
335.49,6489,584.24999,0.00298,,,,
335.74,6360,583.99999,0.00193,,,,
335.99,6439,583.74999,0.00235,,,,
336.24,6315,583.49999,0.00208,,,,
336.49,6579,583.24999,0.00125,,,,
336.74,6354,582.99999,0.00399,,,,
336.99,7019,582.74999,0.00344,,,,
337.24,6839,582.49999,0.00136,,,,
337.49,6894,582.24999,0.00189,,,,
337.74,6982,581.99999,0.00358,,,,
337.99,6803,581.74999,0.00234,,,,
338.24,7132,581.49999,0.00002,,,,
338.49,7127,581.24999,0.0007,,,,
338.74,7062,580.99999,-0.00203,,,,
338.99,7290,580.74999,0.00211,,,,
339.24,7521,580.49999,0.00314,,,,
339.49,7511,580.24999,0.00348,,,,
339.74,7317,579.99999,0.00201,,,,
339.99,7555,579.74999,0.00514,,,,
340.24,8085,579.49999,0.00592,,,,
340.49,8221,579.24999,0.0044,,,,
340.74,8454,578.99999,0.00327,,,,
340.99,8128,578.74999,0.00405,,,,
341.24,8502,578.49999,0.00233,,,,
341.49,8540,578.24999,0.00203,,,,
341.74,8668,577.99999,0.00408,,,,
341.99,8556,577.74999,0.0052,,,,
342.24,9045,577.49999,0.00462,,,,
342.49,8971,577.24999,0.00488,,,,
342.74,9206,576.99999,0.00434,,,,
342.99,9666,576.74999,0.00255,,,,
343.24,9714,576.49999,0.00521,,,,
343.49,9673,576.24999,0.00343,,,,
343.74,9881,575.99999,0.00512,,,,
343.99,10193,575.74999,0.00383,,,,
344.24,10190,575.49999,0.00561,,,,
344.49,10426,575.24999,0.00578,,,,
344.74,10607,574.99999,0.00674,,,,
344.99,11145,574.74999,0.00653,,,,
345.24,10877,574.49999,0.00678,,,,
345.49,10685,574.24999,0.00725,,,,
345.74,10907,573.99998,0.00613,,,,
345.99,11034,573.74998,0.00788,,,,
346.24,11193,573.49998,0.0067,,,,
346.49,11593,573.24998,0.00738,,,,
346.74,11235,572.99998,0.00552,,,,
346.99,11280,572.74998,0.00862,,,,
347.24,11350,572.49998,0.00631,,,,
347.49,11271,572.24998,0.00902,,,,
347.74,11257,571.99998,0.00986,,,,
347.99,11198,571.74998,0.0088,,,,
348.24,11398,571.49998,0.00914,,,,
348.49,11323,571.24998,0.01047,,,,
348.74,11342,570.99998,0.01287,,,,
348.99,11250,570.74998,0.01226,,,,
349.24,11372,570.49998,0.00982,,,,
349.49,11492,570.24998,0.01353,,,,
349.74,10992,569.99998,0.01175,,,,
349.99,11105,569.74998,0.01231,,,,
350.24,10537,569.49998,0.01401,,,,
350.49,10588,569.24998,0.01373,,,,
350.74,10135,568.99998,0.01512,,,,
350.99,10635,568.74998,0.01823,,,,
351.24,10221,568.49998,0.01536,,,,
351.49,10140,568.24998,0.02065,,,,
351.74,9548,567.99998,0.01685,,,,
351.99,9709,567.74998,0.01942,,,,
352.24,9510,567.49998,0.01989,,,,
352.49,9067,567.24998,0.02029,,,,
352.74,9167,566.99998,0.02493,,,,
352.99,8798,566.74998,0.02196,,,,
353.24,8401,566.49998,0.02352,,,,
353.49,8312,566.24998,0.0238,,,,
353.74,8494,565.99998,0.02559,,,,
353.99,8122,565.74998,0.02639,,,,
354.24,7783,565.49998,0.02722,,,,
354.49,7597,565.24998,0.02911,,,,
354.74,7656,564.99998,0.02937,,,,
354.99,7440,564.74998,0.03385,,,,
355.24,7128,564.49998,0.03399,,,,
355.49,6998,564.24998,0.036,,,,
355.74,6454,563.99998,0.03441,,,,
355.99,6607,563.74998,0.03574,,,,
356.24,6891,563.49998,0.04017,,,,
356.49,6378,563.24998,0.04043,,,,
356.74,6186,562.99998,0.04323,,,,
356.99,5894,562.74998,0.04263,,,,
357.24,6133,562.49998,0.04542,,,,
357.49,5923,562.24998,0.04854,,,,
357.74,5635,561.99998,0.04921,,,,
357.99,5204,561.74998,0.05187,,,,
358.24,5059,561.49998,0.05553,,,,
358.49,5067,561.24998,0.05663,,,,
358.74,5144,560.99998,0.05803,,,,
358.99,4764,560.74998,0.06279,,,,
359.24,4827,560.49998,0.06076,,,,
359.49,4459,560.24998,0.06465,,,,
359.74,4509,559.99998,0.06817,,,,
359.99,4508,559.74998,0.06975,,,,
360.24,4661,559.49998,0.07463,,,,
360.49,4496,559.24998,0.0733,,,,
360.74,4152,558.99998,0.08073,,,,
360.99,3966,558.74998,0.08368,,,,
361.24,3751,558.49998,0.08607,,,,
361.49,3887,558.24998,0.08982,,,,
361.74,3977,557.99998,0.09435,,,,
361.99,3912,557.74998,0.09609,,,,
362.24,3132,557.49998,0.09795,,,,
362.49,3636,557.24998,0.10243,,,,
362.74,3688,556.99998,0.10986,,,,
362.99,3563,556.74998,0.11315,,,,
363.24,3664,556.49998,0.11776,,,,
363.49,3707,556.24998,0.12114,,,,
363.74,3132,555.99998,0.12855,,,,
363.99,3320,555.74998,0.1329,,,,
364.24,2888,555.49998,0.1405,,,,
364.49,3105,555.24998,0.14765,,,,
364.74,2990,554.99998,0.15292,,,,
364.99,2820,554.74998,0.15889,,,,
365.24,3019,554.49998,0.16771,,,,
365.49,3103,554.24998,0.17422,,,,
365.74,3191,553.99998,0.18049,,,,
365.99,2779,553.74998,0.18813,,,,
366.24,2530,553.49998,0.19326,,,,
366.49,2542,553.24998,0.2011,,,,
366.74,2513,552.99998,0.2077,,,,
366.99,2654,552.74998,0.21546,,,,
367.24,2182,552.49998,0.22498,,,,
367.49,2608,552.24998,0.2322,,,,
367.74,2457,551.99998,0.24308,,,,
367.99,2673,551.74998,0.24887,,,,
368.24,2234,551.49998,0.26198,,,,
368.49,2262,551.24998,0.2719,,,,
368.74,2362,550.99998,0.28156,,,,
368.99,2314,550.74998,0.29174,,,,
369.24,2339,550.49998,0.29815,,,,
369.49,2615,550.24998,0.31097,,,,
369.74,2364,549.99998,0.32106,,,,
369.99,2217,549.74998,0.33419,,,,
370.24,2334,549.49998,0.3454,,,,
370.49,2217,549.24998,0.35752,,,,
370.74,1946,548.99998,0.3729,,,,
370.99,2109,548.74998,0.3839,,,,
371.24,2068,548.49998,0.39708,,,,
371.49,2176,548.24998,0.40882,,,,
371.74,2138,547.99998,0.42421,,,,
371.99,1960,547.74998,0.43854,,,,
372.24,1937,547.49998,0.45175,,,,
372.49,1738,547.24998,0.46543,,,,
372.74,2193,546.99998,0.47925,,,,
372.99,1990,546.74998,0.49901,,,,
373.24,2278,546.49998,0.51251,,,,
373.49,1898,546.24998,0.52635,,,,
373.74,2075,545.99998,0.54428,,,,
373.99,2133,545.74998,0.55785,,,,
374.24,1904,545.49998,0.57829,,,,
374.49,1843,545.24998,0.59365,,,,
374.74,1870,544.99998,0.60913,,,,
374.99,1854,544.74998,0.62566,,,,
375.24,1744,544.49998,0.64781,,,,
375.49,1974,544.24998,0.66531,,,,
375.74,1968,543.99998,0.68286,,,,
375.99,2003,543.74998,0.70341,,,,
376.24,2008,543.49998,0.71842,,,,
376.49,1996,543.24998,0.74083,,,,
376.74,2088,542.99998,0.75989,,,,
376.99,2068,542.74998,0.77911,,,,
377.24,1861,542.49998,0.79955,,,,
377.49,1993,542.24998,0.81943,,,,
377.74,1998,541.99998,0.83912,,,,
377.99,1978,541.74998,0.85677,,,,
378.24,1732,541.49998,0.88092,,,,
378.49,2166,541.24998,0.89868,,,,
378.74,2026,540.99998,0.92125,,,,
378.99,1987,540.74998,0.94084,,,,
379.24,1994,540.49998,0.96346,,,,
379.49,1820,540.24998,0.9834,,,,
379.74,2128,539.99998,1.00473,,,,
379.99,2030,539.74998,1.02433,,,,
380.24,1999,539.49998,1.04184,,,,
380.49,2096,539.24998,1.06556,,,,
380.74,1964,538.99998,1.08512,,,,
380.99,2000,538.74998,1.10779,,,,
381.24,1946,538.49998,1.12808,,,,
381.49,2142,538.24998,1.14297,,,,
381.74,1873,537.99998,1.1639,,,,
381.99,2078,537.74998,1.18007,,,,
382.24,1991,537.49998,1.19944,,,,
382.49,1904,537.24998,1.21716,,,,
382.74,1935,536.99998,1.23649,,,,
382.99,1841,536.74998,1.25135,,,,
383.24,2189,536.49998,1.26667,,,,
383.49,2317,536.24998,1.28413,,,,
383.74,1735,535.99998,1.2972,,,,
383.99,2246,535.74998,1.31594,,,,
384.24,2249,535.49998,1.32845,,,,
384.49,1808,535.24998,1.34117,,,,
384.74,2179,534.99998,1.35555,,,,
384.99,1877,534.74998,1.36597,,,,
385.24,1985,534.49998,1.38096,,,,
385.49,2044,534.24998,1.38974,,,,
385.74,2037,533.99998,1.39652,,,,
385.99,2142,533.74998,1.39758,,,,
386.24,2033,533.49998,1.41445,,,,
386.49,2022,533.24998,1.42153,,,,
386.74,2010,532.99998,1.43044,,,,
386.99,2059,532.74998,1.43972,,,,
387.24,2142,532.49998,1.44327,,,,
387.49,2123,532.24998,1.44989,,,,
387.74,2080,531.99998,1.45425,,,,
387.99,2223,531.74998,1.45947,,,,
388.24,2096,531.49998,1.46413,,,,
388.49,1990,531.24998,1.46509,,,,
388.74,2097,530.99998,1.46818,,,,
388.99,2076,530.74998,1.46766,,,,
389.24,2098,530.49998,1.47278,,,,
389.49,2326,530.24998,1.47182,,,,
389.74,1940,529.99998,1.47336,,,,
389.99,2210,529.74998,1.47406,,,,
390.24,1862,529.49998,1.4734,,,,
390.49,1725,529.24998,1.47288,,,,
390.74,1765,528.99998,1.4733,,,,
390.99,1898,528.74998,1.46649,,,,
391.24,2024,528.49998,1.4655,,,,
391.49,1879,528.24998,1.45328,,,,
391.74,1891,527.99998,1.45075,,,,
391.99,1914,527.74998,1.45091,,,,
392.24,2292,527.49998,1.44284,,,,
392.49,1780,527.24998,1.43526,,,,
392.74,2043,526.99998,1.42577,,,,
392.99,1735,526.74998,1.42129,,,,
393.24,2205,526.49998,1.41488,,,,
393.49,1836,526.24998,1.4031,,,,
393.74,2004,525.99998,1.39741,,,,
393.99,1925,525.74998,1.39109,,,,
394.24,1975,525.49998,1.38488,,,,
394.49,2102,525.24998,1.37329,,,,
394.74,1959,524.99998,1.35996,,,,
394.99,1791,524.74998,1.35345,,,,
395.24,1788,524.49998,1.34338,,,,
395.49,1860,524.24998,1.33407,,,,
395.74,2089,523.99998,1.32052,,,,
395.99,1937,523.74998,1.30523,,,,
396.24,1869,523.49998,1.2987,,,,
396.49,1787,523.24998,1.28856,,,,
396.74,1824,522.99998,1.27253,,,,
396.99,1785,522.74998,1.25889,,,,
397.24,1947,522.49998,1.25104,,,,
397.49,1670,522.24998,1.23493,,,,
397.74,1684,521.99998,1.22295,,,,
397.99,1709,521.74998,1.21265,,,,
398.24,1699,521.49998,1.20005,,,,
398.49,1647,521.24998,1.19158,,,,
398.74,1706,520.99998,1.1764,,,,
398.99,1913,520.74998,1.15795,,,,
399.24,1541,520.49998,1.14643,,,,
399.49,1735,520.24998,1.13483,,,,
399.74,1820,519.99998,1.12012,,,,
399.99,1810,519.74998,1.10762,,,,
400.24,1551,519.49998,1.09481,,,,
400.49,1642,519.24998,1.07694,,,,
400.74,1861,518.99998,1.07027,,,,
400.99,1534,518.74998,1.05376,,,,
401.24,1666,518.49998,1.04149,,,,
401.49,1433,518.24998,1.02965,,,,
401.74,1508,517.99998,1.01781,,,,
401.99,1577,517.74998,1.00571,,,,
402.24,1581,517.49998,0.98971,,,,
402.49,1572,517.24998,0.97671,,,,
402.74,1636,516.99998,0.96483,,,,
402.99,1717,516.74998,0.95239,,,,
403.24,1638,516.49998,0.93929,,,,
403.49,1627,516.24998,0.92592,,,,
403.74,1359,515.99998,0.91171,,,,
403.99,1492,515.74998,0.89605,,,,
404.24,1525,515.49998,0.8817,,,,
404.49,1434,515.24998,0.86615,,,,
404.74,1535,514.99998,0.84915,,,,
404.99,1398,514.74998,0.83736,,,,
405.24,1325,514.49998,0.82672,,,,
405.49,1588,514.24998,0.81546,,,,
405.74,1269,513.99998,0.80127,,,,
405.99,1420,513.74998,0.79336,,,,
406.24,1699,513.49998,0.7812,,,,
406.49,1448,513.24998,0.77233,,,,
406.74,1488,512.99998,0.76261,,,,
406.99,1500,512.74998,0.75291,,,,
407.24,1387,512.49998,0.7414,,,,
407.49,1395,512.24998,0.72822,,,,
407.74,1408,511.99998,0.72078,,,,
407.99,1296,511.74998,0.71221,,,,
408.24,1336,511.49998,0.70249,,,,
408.49,1493,511.24998,0.69418,,,,
408.74,1430,510.99998,0.68495,,,,
408.99,1366,510.74998,0.67594,,,,
409.24,1562,510.49998,0.66367,,,,
409.49,1422,510.24998,0.65799,,,,
409.74,1300,509.99998,0.65306,,,,
409.99,1549,509.74998,0.64201,,,,
410.24,1434,509.49998,0.63271,,,,
410.49,1298,509.24998,0.62964,,,,
410.74,1314,508.99998,0.62017,,,,
410.99,1320,508.74998,0.61459,,,,
411.24,1428,508.49998,0.60884,,,,
411.49,1401,508.24998,0.5998,,,,
411.74,1263,507.99998,0.59468,,,,
411.99,1245,507.74998,0.58789,,,,
412.24,1484,507.49998,0.58416,,,,
412.49,1502,507.24998,0.57655,,,,
412.74,1300,506.99998,0.56878,,,,
412.99,1178,506.74998,0.56637,,,,
413.24,1334,506.49998,0.55931,,,,
413.49,1176,506.24998,0.55723,,,,
413.74,1238,505.99998,0.55069,,,,
413.99,1288,505.74998,0.54703,,,,
414.24,1321,505.49998,0.54315,,,,
414.49,1356,505.24998,0.53827,,,,
414.74,1160,504.99998,0.53472,,,,
414.99,1223,504.74998,0.53104,,,,
415.24,1176,504.49998,0.5286,,,,
415.49,1178,504.24998,0.52251,,,,
415.74,1149,503.99998,0.51873,,,,
415.99,1076,503.74998,0.51586,,,,
416.24,1228,503.49998,0.51328,,,,
416.49,1222,503.24998,0.51078,,,,
416.74,1277,502.99998,0.50863,,,,
416.99,1212,502.74998,0.50629,,,,
417.24,1061,502.49998,0.50168,,,,
417.49,1164,502.24998,0.49868,,,,
417.74,1114,501.99998,0.49671,,,,
417.99,1089,501.74998,0.49411,,,,
418.24,1148,501.49998,0.49263,,,,
418.49,1078,501.24998,0.48985,,,,
418.74,1041,500.99998,0.48588,,,,
418.99,995,500.74998,0.48466,,,,
419.24,1089,500.49998,0.47973,,,,
419.49,1045,500.24998,0.48069,,,,
419.74,948,499.99998,0.47656,,,,
419.99,884,499.74998,0.47822,,,,
420.24,919,499.49998,0.47366,,,,
420.49,971,499.24998,0.47199,,,,
420.74,1031,498.99998,0.47025,,,,
420.99,1023,498.74998,0.46622,,,,
421.24,890,498.49998,0.46511,,,,
421.49,994,498.24998,0.46344,,,,
421.74,1128,497.99998,0.45956,,,,
421.99,1011,497.74998,0.45728,,,,
422.24,832,497.49998,0.45676,,,,
422.49,930,497.24998,0.45509,,,,
422.74,786,496.99998,0.45393,,,,
422.99,886,496.74998,0.45119,,,,
423.24,922,496.49998,0.45057,,,,
423.49,912,496.24998,0.44625,,,,
423.74,1072,495.99998,0.44656,,,,
423.99,947,495.74998,0.44325,,,,
424.24,1094,495.49998,0.44099,,,,
424.49,887,495.24998,0.43644,,,,
424.74,905,494.99998,0.4333,,,,
424.99,801,494.74998,0.43179,,,,
425.24,967,494.49998,0.42896,,,,
425.49,938,494.24998,0.42635,,,,
425.74,801,493.99998,0.42757,,,,
425.99,764,493.74998,0.42144,,,,
426.24,914,493.49998,0.42194,,,,
426.49,975,493.24998,0.41865,,,,
426.74,876,492.99998,0.41694,,,,
426.99,990,492.74998,0.41363,,,,
427.24,869,492.49998,0.40745,,,,
427.49,901,492.24998,0.40463,,,,
427.74,1151,491.99998,0.40336,,,,
427.99,819,491.74998,0.40025,,,,
428.24,962,491.49998,0.39541,,,,
428.49,748,491.24998,0.3924,,,,
428.74,972,490.99998,0.38931,,,,
428.99,859,490.74998,0.38467,,,,
429.24,875,490.49998,0.38299,,,,
429.49,967,490.24997,0.37883,,,,
429.74,1174,489.99997,0.37281,,,,
429.99,1050,489.74997,0.37091,,,,
430.24,1056,489.49997,0.36824,,,,
430.49,915,489.24997,0.36399,,,,
430.74,931,488.99997,0.35806,,,,
430.99,907,488.74997,0.3568,,,,
431.24,855,488.49997,0.35354,,,,
431.49,753,488.24997,0.34855,,,,
431.74,978,487.99997,0.34352,,,,
431.99,968,487.74997,0.33903,,,,
432.24,964,487.49997,0.33553,,,,
432.49,1091,487.24997,0.32979,,,,
432.74,1215,486.99997,0.32694,,,,
432.99,1159,486.74997,0.32311,,,,
433.24,978,486.49997,0.31784,,,,
433.49,943,486.24997,0.31418,,,,
433.74,948,485.99997,0.31198,,,,
433.99,1121,485.74997,0.3081,,,,
434.24,1044,485.49997,0.30141,,,,
434.49,1022,485.24997,0.30037,,,,
434.74,1129,484.99997,0.29319,,,,
434.99,1116,484.74997,0.2898,,,,
435.24,1393,484.49997,0.28508,,,,
435.49,1186,484.24997,0.28147,,,,
435.74,1220,483.99997,0.27934,,,,
435.99,1226,483.74997,0.27562,,,,
436.24,1307,483.49997,0.26909,,,,
436.49,1158,483.24997,0.26529,,,,
436.74,1159,482.99997,0.26421,,,,
436.99,1189,482.74997,0.2587,,,,
437.24,1230,482.49997,0.25233,,,,
437.49,1333,482.24997,0.25098,,,,
437.74,1470,481.99997,0.24454,,,,
437.99,1580,481.74997,0.24139,,,,
438.24,1395,481.49997,0.23808,,,,
438.49,1356,481.24997,0.23615,,,,
438.74,1134,480.99997,0.23221,,,,
438.99,1488,480.74997,0.22805,,,,
439.24,1522,480.49997,0.22547,,,,
439.49,1474,480.24997,0.22056,,,,
439.74,1532,479.99997,0.21767,,,,
439.99,1520,479.74997,0.21282,,,,
440.24,1528,479.49997,0.21284,,,,
440.49,1379,479.24997,0.20845,,,,
440.74,1613,478.99997,0.20435,,,,
440.99,1570,478.74997,0.19983,,,,
441.24,1516,478.49997,0.19801,,,,
441.49,1715,478.24997,0.19432,,,,
441.74,1672,477.99997,0.19195,,,,
441.99,1793,477.74997,0.18771,,,,
442.24,1767,477.49997,0.18451,,,,
442.49,1730,477.24997,0.18297,,,,
442.74,1735,476.99997,0.17896,,,,
442.99,1884,476.74997,0.17525,,,,
443.24,1837,476.49997,0.17266,,,,
443.49,1902,476.24997,0.17175,,,,
443.74,1864,475.99997,0.16622,,,,
443.99,2097,475.74997,0.16133,,,,
444.24,1957,475.49997,0.16242,,,,
444.49,2017,475.24997,0.15742,,,,
444.74,2059,474.99997,0.15534,,,,
444.99,1924,474.74997,0.1513,,,,
445.24,2057,474.49997,0.15116,,,,
445.49,2297,474.24997,0.14746,,,,
445.74,1894,473.99997,0.14645,,,,
445.99,1966,473.74997,0.14484,,,,
446.24,2276,473.49997,0.13951,,,,
446.49,2489,473.24997,0.13869,,,,
446.74,2375,472.99997,0.13782,,,,
446.99,2560,472.74997,0.13308,,,,
447.24,2465,472.49997,0.13221,,,,
447.49,2482,472.24997,0.13035,,,,
447.74,2583,471.99997,0.1286,,,,
447.99,2509,471.74997,0.12792,,,,
448.24,2575,471.49997,0.12465,,,,
448.49,2676,471.24997,0.12499,,,,
448.74,2814,470.99997,0.12149,,,,
448.99,2636,470.74997,0.12116,,,,
449.24,2845,470.49997,0.11826,,,,
449.49,2784,470.24997,0.11666,,,,
449.74,3022,469.99997,0.11244,,,,
449.99,3010,469.74997,0.11374,,,,
450.24,3147,469.49997,0.11293,,,,
450.49,3125,469.24997,0.11148,,,,
450.74,3203,468.99997,0.10855,,,,
450.99,3073,468.74997,0.10731,,,,
451.24,3199,468.49997,0.10746,,,,
451.49,3264,468.24997,0.10635,,,,
451.74,3320,467.99997,0.10313,,,,
451.99,3494,467.74997,0.10316,,,,
452.24,3543,467.49997,0.10063,,,,
452.49,3516,467.24997,0.10074,,,,
452.74,3686,466.99997,0.10056,,,,
452.99,3666,466.74997,0.09704,,,,
453.24,3656,466.49997,0.09681,,,,
453.49,3808,466.24997,0.09606,,,,
453.74,3812,465.99997,0.09467,,,,
453.99,3828,465.74997,0.0935,,,,
454.24,3851,465.49997,0.09306,,,,
454.49,3988,465.24997,0.09306,,,,
454.74,3816,464.99997,0.09083,,,,
454.99,4137,464.74997,0.09033,,,,
455.24,4154,464.49997,0.0868,,,,
455.49,4209,464.24997,0.08655,,,,
455.74,4347,463.99997,0.08576,,,,
455.99,4432,463.74997,0.08429,,,,
456.24,4350,463.49997,0.08442,,,,
456.49,4506,463.24997,0.08393,,,,
456.74,4699,462.99997,0.08253,,,,
456.99,4744,462.74997,0.08044,,,,
457.24,4724,462.49997,0.08198,,,,
457.49,4786,462.24997,0.07912,,,,
457.74,4735,461.99997,0.07907,,,,
457.99,4943,461.74997,0.07806,,,,
458.24,4845,461.49997,0.0746,,,,
458.49,5080,461.24997,0.07382,,,,
458.74,5071,460.99997,0.07342,,,,
458.99,5212,460.74997,0.07437,,,,
459.24,5386,460.49997,0.07027,,,,
459.49,5400,460.24997,0.07257,,,,
459.74,5477,459.99997,0.06951,,,,
459.99,5470,459.74997,0.06961,,,,
460.24,5710,459.49997,0.06863,,,,
460.49,5529,459.24997,0.06845,,,,
460.74,5852,458.99997,0.06624,,,,
460.99,5777,458.74997,0.06444,,,,
461.24,5809,458.49997,0.06456,,,,
461.49,5870,458.24997,0.06158,,,,
461.74,6142,457.99997,0.06282,,,,
461.99,6222,457.74997,0.06018,,,,
462.24,6226,457.49997,0.06083,,,,
462.49,6451,457.24997,0.06003,,,,
462.74,6330,456.99997,0.06029,,,,
462.99,6494,456.74997,0.05972,,,,
463.24,6604,456.49997,0.05726,,,,
463.49,6643,456.24997,0.05528,,,,
463.74,6633,455.99997,0.05632,,,,
463.99,6748,455.74997,0.05525,,,,
464.24,6810,455.49997,0.05349,,,,
464.49,6830,455.24997,0.05279,,,,
464.74,7108,454.99997,0.05258,,,,
464.99,7147,454.74997,0.0485,,,,
465.24,7323,454.49997,0.05068,,,,
465.49,7323,454.24997,0.04894,,,,
465.74,7357,453.99997,0.04865,,,,
465.99,7449,453.74997,0.04845,,,,
466.24,7559,453.49997,0.04839,,,,
466.49,7618,453.24997,0.04646,,,,
466.74,7636,452.99997,0.04659,,,,
466.99,7913,452.74997,0.04685,,,,
467.24,7927,452.49997,0.04469,,,,
467.49,7918,452.24997,0.04503,,,,
467.74,8118,451.99997,0.0444,,,,
467.99,8115,451.74997,0.04219,,,,
468.24,8369,451.49997,0.04148,,,,
468.49,8456,451.24997,0.04066,,,,
468.74,8444,450.99997,0.03905,,,,
468.99,8542,450.74997,0.04071,,,,
469.24,8772,450.49997,0.03972,,,,
469.49,8886,450.24997,0.04,,,,
469.74,8950,449.99997,0.03825,,,,
469.99,8848,449.74997,0.03841,,,,
470.24,9180,449.49997,0.03538,,,,
470.49,9306,449.24997,0.03616,,,,
470.74,9534,448.99997,0.0335,,,,
470.99,9560,448.74997,0.03577,,,,
471.24,9835,448.49997,0.03401,,,,
471.49,9809,448.24997,0.03273,,,,
471.74,10066,447.99997,0.03189,,,,
471.99,10120,447.74997,0.03283,,,,
472.24,10257,447.49997,0.03154,,,,
472.49,10404,447.24997,0.03133,,,,
472.74,10472,446.99997,0.03254,,,,
472.99,10845,446.74997,0.03019,,,,
473.24,10914,446.49997,0.03163,,,,
473.49,10978,446.24997,0.02893,,,,
473.74,11398,445.99997,0.02499,,,,
473.99,11524,445.74997,0.02408,,,,
474.24,11604,445.49997,0.02919,,,,
474.49,11895,445.24997,0.02615,,,,
474.74,11906,444.99997,0.02446,,,,
474.99,12224,444.74997,0.02617,,,,
475.24,12388,444.49997,0.02564,,,,
475.49,12781,444.24997,0.02487,,,,
475.74,12695,443.99997,0.02665,,,,
475.99,13080,443.74997,0.02369,,,,
476.24,13515,443.49997,0.02418,,,,
476.49,13587,443.24997,0.02335,,,,
476.74,13791,442.99997,0.02395,,,,
476.99,14083,442.74997,0.02205,,,,
477.24,14398,442.49997,0.02199,,,,
477.49,14519,442.24997,0.02246,,,,
477.74,14771,441.99997,0.02279,,,,
477.99,15105,441.74997,0.02125,,,,
478.24,15291,441.49997,0.0218,,,,
478.49,15582,441.24997,0.01927,,,,
478.74,15725,440.99997,0.01996,,,,
478.99,16081,440.74997,0.0205,,,,
479.24,16403,440.49997,0.01753,,,,
479.49,16749,440.24997,0.01942,,,,
479.74,16747,439.99997,0.01932,,,,
479.99,17129,439.74997,0.01948,,,,
480.24,17356,439.49997,0.01874,,,,
480.49,17743,439.24997,0.01935,,,,
480.74,17946,438.99997,0.01891,,,,
480.99,18273,438.74997,0.01442,,,,
481.24,18583,438.49997,0.01724,,,,
481.49,18735,438.24997,0.01773,,,,
481.74,18995,437.99997,0.02008,,,,
481.99,19243,437.74997,0.01868,,,,
482.24,19750,437.49997,0.01694,,,,
482.49,19856,437.24997,0.01564,,,,
482.74,20358,436.99997,0.01511,,,,
482.99,20791,436.74997,0.01474,,,,
483.24,20876,436.49997,0.01472,,,,
483.49,21175,436.24997,0.01662,,,,
483.74,21689,435.99997,0.01558,,,,
483.99,21982,435.74997,0.01551,,,,
484.24,22150,435.49997,0.01508,,,,
484.49,22434,435.24997,0.01771,,,,
484.74,22805,434.99997,0.01419,,,,
484.99,23072,434.74997,0.01435,,,,
485.24,23637,434.49997,0.01299,,,,
485.49,23719,434.24997,0.01327,,,,
485.74,24245,433.99997,0.01425,,,,
485.99,24551,433.74997,0.01205,,,,
486.24,24724,433.49997,0.01199,,,,
486.49,25012,433.24997,0.01244,,,,
486.74,25426,432.99997,0.01473,,,,
486.99,25728,432.74997,0.01544,,,,
487.24,25952,432.49997,0.01387,,,,
487.49,26404,432.24997,0.01226,,,,
487.74,26679,431.99997,0.01231,,,,
487.99,27033,431.74997,0.01243,,,,
488.24,27428,431.49997,0.00958,,,,
488.49,27821,431.24997,0.01087,,,,
488.74,28078,430.99997,0.01153,,,,
488.99,28177,430.74997,0.01184,,,,
489.24,28643,430.49997,0.01163,,,,
489.49,28978,430.24997,0.01343,,,,
489.74,29188,429.99997,0.01335,,,,
489.99,29337,429.74997,0.01492,,,,
490.24,29811,429.49997,0.01229,,,,
490.49,30139,429.24997,0.01112,,,,
490.74,30271,428.99997,0.01092,,,,
490.99,30636,428.74997,0.01236,,,,
491.24,30879,428.49997,0.00951,,,,
491.49,31116,428.24997,0.01223,,,,
491.74,31497,427.99997,0.01041,,,,
491.99,31742,427.74997,0.01463,,,,
492.24,31842,427.49997,0.01145,,,,
492.49,32063,427.24997,0.01105,,,,
492.74,32550,426.99997,0.01259,,,,
492.99,32810,426.74997,0.01114,,,,
493.24,32945,426.49997,0.01239,,,,
493.49,33204,426.24997,0.01162,,,,
493.74,33164,425.99997,0.00971,,,,
493.99,33647,425.74997,0.01019,,,,
494.24,33551,425.49997,0.01193,,,,
494.49,33756,425.24997,0.01229,,,,
494.74,33979,424.99997,0.01018,,,,
494.99,34098,424.74997,0.01151,,,,
495.24,34345,424.49997,0.01128,,,,
495.49,34703,424.24997,0.01391,,,,
495.74,34881,423.99997,0.01204,,,,
495.99,35141,423.74997,0.01363,,,,
496.24,35117,423.49997,0.01159,,,,
496.49,35457,423.24997,0.01172,,,,
496.74,35506,422.99997,0.01126,,,,
496.99,35721,422.74997,0.01,,,,
497.24,35812,422.49997,0.01182,,,,
497.49,35944,422.24997,0.01058,,,,
497.74,35985,421.99997,0.01285,,,,
497.99,36164,421.74997,0.01434,,,,
498.24,36470,421.49997,0.01264,,,,
498.49,36601,421.24997,0.01131,,,,
498.74,36688,420.99997,0.01301,,,,
498.99,37005,420.74997,0.01311,,,,
499.24,37142,420.49997,0.01234,,,,
499.49,37274,420.24997,0.01169,,,,
499.74,37633,419.99997,0.01124,,,,
499.99,37502,419.74997,0.01205,,,,
500.24,37827,419.49997,0.01328,,,,
500.49,37751,419.24997,0.01384,,,,
500.74,38139,418.99997,0.01265,,,,
500.99,38235,418.74997,0.01324,,,,
501.24,38548,418.49997,0.0137,,,,
501.49,38767,418.24997,0.0146,,,,
501.74,38883,417.99997,0.01384,,,,
501.99,39088,417.74997,0.01416,,,,
502.24,39243,417.49997,0.0148,,,,
502.49,39479,417.24997,0.01349,,,,
502.74,39842,416.99997,0.01541,,,,
502.99,40026,416.74997,0.01624,,,,
503.24,40195,416.49997,0.01554,,,,
503.49,40392,416.24997,0.01561,,,,
503.74,40595,415.99997,0.01368,,,,
503.99,40821,415.74997,0.01461,,,,
504.24,41118,415.49997,0.01498,,,,
504.49,41597,415.24997,0.01495,,,,
504.74,41789,414.99997,0.01555,,,,
504.99,42079,414.74997,0.01475,,,,
505.24,42358,414.49997,0.01724,,,,
505.49,42742,414.24997,0.01679,,,,
505.74,43048,413.99997,0.01637,,,,
505.99,43336,413.74997,0.01574,,,,
506.24,43850,413.49997,0.01495,,,,
506.49,44014,413.24997,0.01696,,,,
506.74,44570,412.99997,0.01498,,,,
506.99,44759,412.74997,0.01653,,,,
507.24,45371,412.49997,0.01909,,,,
507.49,45970,412.24997,0.01887,,,,
507.74,46263,411.99997,0.01583,,,,
507.99,46797,411.74997,0.01605,,,,
508.24,47200,411.49997,0.01781,,,,
508.49,47912,411.24997,0.01815,,,,
508.74,48364,410.99997,0.01678,,,,
508.99,48803,410.74997,0.0167,,,,
509.24,49549,410.49997,0.0165,,,,
509.49,49790,410.24997,0.01823,,,,
509.74,50522,409.99997,0.01969,,,,
509.99,51392,409.74997,0.01653,,,,
510.24,51780,409.49997,0.01807,,,,
510.49,52226,409.24997,0.01985,,,,
510.74,53192,408.99997,0.01737,,,,
510.99,53901,408.74997,0.01818,,,,
511.24,54627,408.49997,0.01898,,,,
511.49,55281,408.24997,0.01698,,,,
511.74,56046,407.99997,0.01647,,,,
511.99,56721,407.74997,0.0179,,,,
512.24,57306,407.49997,0.01773,,,,
512.49,58343,407.24997,0.01763,,,,
512.74,59249,406.99997,0.01907,,,,
512.99,60013,406.74997,0.01892,,,,
513.24,60777,406.49997,0.01841,,,,
513.49,61475,406.24996,0.0216,,,,
513.74,62432,405.99996,0.01805,,,,
513.99,63055,405.74996,0.01613,,,,
514.24,64171,405.49996,0.02018,,,,
514.49,65058,405.24996,0.01685,,,,
514.74,65895,404.99996,0.01777,,,,
514.99,66823,404.74996,0.01951,,,,
515.24,68161,404.49996,0.01823,,,,
515.49,69384,404.24996,0.01938,,,,
515.74,70513,403.99996,0.01896,,,,
515.99,71746,403.74996,0.01727,,,,
516.24,72864,403.49996,0.02068,,,,
516.49,73916,403.24996,0.02082,,,,
516.74,74947,402.99996,0.02183,,,,
516.99,75926,402.74996,0.0208,,,,
517.24,76861,402.49996,0.01998,,,,
517.49,77884,402.24996,0.0201,,,,
517.74,79143,401.99996,0.02004,,,,
517.99,80095,401.74996,0.01917,,,,
518.24,81027,401.49996,0.01821,,,,
518.49,81959,401.24996,0.02118,,,,
518.74,82924,400.99996,0.0195,,,,
518.99,84224,400.74996,0.02366,,,,
519.24,84748,400.49996,0.02087,,,,
519.49,86155,400.24996,0.01972,,,,
519.74,87163,399.99996,0.02301,,,,
519.99,88146,399.74996,0.02314,,,,
520.24,89304,399.49996,0.02206,,,,
520.49,90217,399.24996,0.01959,,,,
520.74,91123,398.99996,0.02431,,,,
520.99,92575,398.74996,0.02168,,,,
521.24,93770,398.49996,0.02093,,,,
521.49,94437,398.24996,0.0216,,,,
521.74,95428,397.99996,0.02172,,,,
521.99,96239,397.74996,0.0214,,,,
522.24,97181,397.49996,0.02123,,,,
522.49,98449,397.24996,0.02475,,,,
522.74,99067,396.99996,0.02269,,,,
522.99,100140,396.74996,0.02318,,,,
523.24,101402,396.49996,0.02272,,,,
523.49,102200,396.24996,0.02376,,,,
523.74,102714,395.99996,0.02462,,,,
523.99,103917,395.74996,0.02655,,,,
524.24,104983,395.49996,0.02364,,,,
524.49,105716,395.24996,0.02273,,,,
524.74,106508,394.99996,0.02277,,,,
524.99,107020,394.74996,0.0249,,,,
525.24,108069,394.49996,0.02672,,,,
525.49,108982,394.24996,0.0251,,,,
525.74,109470,393.99996,0.02447,,,,
525.99,109968,393.74996,0.02547,,,,
526.24,110415,393.49996,0.02334,,,,
526.49,111342,393.24996,0.02802,,,,
526.74,111847,392.99996,0.02205,,,,
526.99,112199,392.74996,0.02597,,,,
527.24,112946,392.49996,0.02262,,,,
527.49,113543,392.24996,0.02913,,,,
527.74,114178,391.99996,0.02433,,,,
527.99,114165,391.74996,0.02403,,,,
528.24,114364,391.49996,0.02388,,,,
528.49,115326,391.24996,0.02573,,,,
528.74,115404,390.99996,0.02412,,,,
528.99,115940,390.74996,0.02243,,,,
529.24,115907,390.49996,0.02193,,,,
529.49,115948,390.24996,0.02367,,,,
529.74,116000,389.99996,0.02809,,,,
529.99,115944,389.74996,0.02466,,,,
530.24,115823,389.49996,0.02956,,,,
530.49,115899,389.24996,0.02667,,,,
530.74,115496,388.99996,0.02639,,,,
530.99,115537,388.74996,0.02666,,,,
531.24,115294,388.49996,0.02529,,,,
531.49,115218,388.24996,0.02664,,,,
531.74,114851,387.99996,0.02825,,,,
531.99,114441,387.74996,0.02644,,,,
532.24,114097,387.49996,0.02698,,,,
532.49,113577,387.24996,0.02723,,,,
532.74,113297,386.99996,0.02617,,,,
532.99,112567,386.74996,0.02555,,,,
533.24,111866,386.49996,0.0257,,,,
533.49,111309,386.24996,0.02584,,,,
533.74,109981,385.99996,0.02723,,,,
533.99,109898,385.74996,0.02589,,,,
534.24,109364,385.49996,0.02598,,,,
534.49,108673,385.24996,0.02523,,,,
534.74,107493,384.99996,0.02386,,,,
534.99,106673,384.74996,0.0277,,,,
535.24,105542,384.49996,0.02298,,,,
535.49,104541,384.24996,0.02859,,,,
535.74,103556,383.99996,0.02855,,,,
535.99,102082,383.74996,0.02206,,,,
536.24,101053,383.49996,0.02945,,,,
536.49,99679,383.24996,0.02782,,,,
536.74,98474,382.99996,0.0234,,,,
536.99,97304,382.74996,0.02459,,,,
537.24,95783,382.49996,0.0242,,,,
537.49,94388,382.24996,0.02531,,,,
537.74,92864,381.99996,0.02641,,,,
537.99,91592,381.74996,0.02381,,,,
538.24,89945,381.49996,0.02723,,,,
538.49,88773,381.24996,0.02474,,,,
538.74,87176,380.99996,0.02542,,,,
538.99,85392,380.74996,0.02496,,,,
539.24,83853,380.49996,0.02664,,,,
539.49,81986,380.24996,0.02541,,,,
539.74,80608,379.99996,0.0258,,,,
539.99,79066,379.74996,0.02705,,,,
540.24,77387,379.49996,0.02314,,,,
540.49,75818,379.24996,0.02535,,,,
540.74,74038,378.99996,0.02526,,,,
540.99,72497,378.74996,0.02575,,,,
541.24,70720,378.49996,0.02753,,,,
541.49,69323,378.24996,0.02201,,,,
541.74,67422,377.99996,0.02514,,,,
541.99,66033,377.74996,0.0254,,,,
542.24,64484,377.49996,0.02533,,,,
542.49,62919,377.24996,0.02366,,,,
542.74,61311,376.99996,0.02628,,,,
542.99,59798,376.74996,0.02654,,,,
543.24,58299,376.49996,0.02537,,,,
543.49,56535,376.24996,0.02552,,,,
543.74,55354,375.99996,0.02546,,,,
543.99,53737,375.74996,0.02502,,,,
544.24,52356,375.49996,0.02509,,,,
544.49,50978,375.24996,0.02217,,,,
544.74,49235,374.99996,0.02356,,,,
544.99,47935,374.74996,0.02377,,,,
545.24,46716,374.49996,0.02342,,,,
545.49,45508,374.24996,0.0242,,,,
545.74,43899,373.99996,0.02711,,,,
545.99,42831,373.74996,0.02638,,,,
546.24,41420,373.49996,0.02412,,,,
546.49,40331,373.24996,0.02895,,,,
546.74,39269,372.99996,0.02529,,,,
546.99,37714,372.74996,0.02788,,,,
547.24,36626,372.49996,0.02209,,,,
547.49,35550,372.24996,0.02462,,,,
547.74,34510,371.99996,0.02491,,,,
547.99,33382,371.74996,0.02718,,,,
548.24,32171,371.49996,0.02766,,,,
548.49,31247,371.24996,0.02628,,,,
548.74,30210,370.99996,0.0268,,,,
548.99,29345,370.74996,0.02474,,,,
549.24,28134,370.49996,0.02818,,,,
549.49,27180,370.24996,0.02967,,,,
549.74,26298,369.99996,0.02818,,,,
549.99,25265,369.74996,0.03005,,,,
550.24,24471,369.49996,0.03323,,,,
550.49,23462,369.24996,0.02973,,,,
550.74,22958,368.99996,0.02941,,,,
550.99,22157,368.74996,0.03002,,,,
551.24,21396,368.49996,0.02875,,,,
551.49,20616,368.24996,0.0284,,,,
551.74,19584,367.99996,0.03397,,,,
551.99,19128,367.74996,0.03123,,,,
552.24,18272,367.49996,0.03315,,,,
552.49,17704,367.24996,0.02773,,,,
552.74,16955,366.99996,0.03373,,,,
552.99,16344,366.74996,0.03194,,,,
553.24,15825,366.49996,0.03231,,,,
553.49,15208,366.24996,0.03215,,,,
553.74,14804,365.99996,0.03532,,,,
553.99,14203,365.74996,0.04055,,,,
554.24,13710,365.49996,0.03944,,,,
554.49,13197,365.24996,0.03837,,,,
554.74,12503,364.99996,0.03584,,,,
554.99,12033,364.74996,0.038,,,,
555.24,11619,364.49996,0.03946,,,,
555.49,11056,364.24996,0.0367,,,,
555.74,10458,363.99996,0.04219,,,,
555.99,10116,363.74996,0.03981,,,,
556.24,9533,363.49996,0.04711,,,,
556.49,9267,363.24996,0.04657,,,,
556.74,8904,362.99996,0.04528,,,,
556.99,8645,362.74996,0.04687,,,,
557.24,8060,362.49996,0.04621,,,,
557.49,7708,362.24996,0.03981,,,,
557.74,7561,361.99996,0.04972,,,,
557.99,7424,361.74996,0.05055,,,,
558.24,7068,361.49996,0.0494,,,,
558.49,6773,361.24996,0.04767,,,,
558.74,6585,360.99996,0.05041,,,,
558.99,6352,360.74996,0.05277,,,,
559.24,5768,360.49996,0.05714,,,,
559.49,5872,360.24996,0.05923,,,,
559.74,5488,359.99996,0.05729,,,,
559.99,5364,359.74996,0.0573,,,,
560.24,5087,359.49996,0.05667,,,,
560.49,4781,359.24996,0.06134,,,,
560.74,4941,358.99996,0.06054,,,,
560.99,4566,358.74996,0.06537,,,,
561.24,4456,358.49996,0.0644,,,,
561.49,4369,358.24996,0.06429,,,,
561.74,4081,357.99996,0.06613,,,,
561.99,3872,357.74996,0.07161,,,,
562.24,3819,357.49996,0.07527,,,,
562.49,3574,357.24996,0.07794,,,,
562.74,3354,356.99996,0.07491,,,,
562.99,3401,356.74996,0.07862,,,,
563.24,3181,356.49996,0.08105,,,,
563.49,3161,356.24996,0.08757,,,,
563.74,2812,355.99996,0.08397,,,,
563.99,2707,355.74996,0.08202,,,,
564.24,2832,355.49996,0.08893,,,,
564.49,2674,355.24996,0.09059,,,,
564.74,2663,354.99996,0.09455,,,,
564.99,2311,354.74996,0.09729,,,,
565.24,2290,354.49996,0.09655,,,,
565.49,2142,354.24996,0.09891,,,,
565.74,2076,353.99996,0.10321,,,,
565.99,2013,353.74996,0.10794,,,,
566.24,1872,353.49996,0.10563,,,,
566.49,1850,353.24996,0.10676,,,,
566.74,1728,352.99996,0.1118,,,,
566.99,1961,352.74996,0.1165,,,,
567.24,1596,352.49996,0.11522,,,,
567.49,1565,352.24996,0.12086,,,,
567.74,1528,351.99996,0.12338,,,,
567.99,1325,351.74996,0.12134,,,,
568.24,1625,351.49996,0.12886,,,,
568.49,1208,351.24996,0.12989,,,,
568.74,1434,350.99996,0.13515,,,,
568.99,1189,350.74996,0.1288,,,,
569.24,1080,350.49996,0.13455,,,,
569.49,1102,350.24996,0.1339,,,,
569.74,968,349.99996,0.14112,,,,
569.99,924,349.74996,0.13968,,,,
570.24,1064,349.49996,0.14604,,,,
570.49,772,349.24996,0.14452,,,,
570.74,964,348.99996,0.14296,,,,
570.99,1012,348.74996,0.14413,,,,
571.24,823,348.49996,0.14389,,,,
571.49,719,348.24996,0.14484,,,,
571.74,692,347.99996,0.1423,,,,
571.99,775,347.74996,0.14306,,,,
572.24,709,347.49996,0.14323,,,,
572.49,496,347.24996,0.14424,,,,
572.74,678,346.99996,0.14335,,,,
572.99,434,346.74996,0.14277,,,,
573.24,580,346.49996,0.14732,,,,
573.49,527,346.24996,0.14224,,,,
573.74,620,345.99996,0.14022,,,,
573.99,482,345.74996,0.1386,,,,
574.24,570,345.49996,0.13579,,,,
574.49,533,345.24996,0.13823,,,,
574.74,513,344.99996,0.14163,,,,
574.99,530,344.74996,0.1348,,,,
575.24,454,344.49996,0.1325,,,,
575.49,441,344.24996,0.1295,,,,
575.74,301,343.99996,0.12953,,,,
575.99,402,343.74996,0.12557,,,,
576.24,269,343.49996,0.12292,,,,
576.49,409,343.24996,0.12345,,,,
576.74,200,342.99996,0.12283,,,,
576.99,341,342.74996,0.11699,,,,
577.24,384,342.49996,0.114,,,,
577.49,363,342.24996,0.11494,,,,
577.74,409,341.99996,0.10873,,,,
577.99,321,341.74996,0.11016,,,,
578.24,159,341.49996,0.10853,,,,
578.49,183,341.24996,0.10805,,,,
578.74,318,340.99996,0.10329,,,,
578.99,257,340.74996,0.10744,,,,
579.24,346,340.49996,0.10448,,,,
579.49,465,340.24996,0.10274,,,,
579.74,404,339.99996,0.09601,,,,
579.99,158,339.74996,0.09299,,,,
580.24,273,339.49996,0.09545,,,,
580.49,247,339.24996,0.09558,,,,
580.74,166,338.99996,0.09264,,,,
580.99,-159,338.74996,0.08974,,,,
581.24,55,338.49996,0.09057,,,,
581.49,1,338.24996,0.09064,,,,
581.74,184,337.99996,0.08645,,,,
581.99,281,337.74996,0.08873,,,,
582.24,148,337.49996,0.08761,,,,
582.49,107,337.24996,0.08691,,,,
582.74,270,336.99996,0.0892,,,,
582.99,313,336.74996,0.08075,,,,
583.24,98,336.49996,0.08361,,,,
583.49,163,336.24996,0.08025,,,,
583.74,184,335.99996,0.08183,,,,
583.99,151,335.74996,0.08082,,,,
584.24,234,335.49996,0.08247,,,,
584.49,-154,335.24996,0.07618,,,,
584.74,-34,334.99996,0.07997,,,,
584.99,-14,334.74996,0.0804,,,,
585.24,104,334.49996,0.07889,,,,
585.49,246,334.24996,0.0836,,,,
585.74,86,333.99996,0.08018,,,,
585.99,226,333.74996,0.08478,,,,
586.24,188,333.49996,0.07993,,,,
586.49,178,333.24996,0.07562,,,,
586.74,-53,332.99996,0.08129,,,,
586.99,61,332.74996,0.07299,,,,
587.24,76,332.49996,0.07792,,,,
587.49,191,332.24996,0.08163,,,,
587.74,76,331.99996,0.07788,,,,
587.99,17,331.74996,0.07587,,,,
588.24,188,331.49996,0.06931,,,,
588.49,-48,331.24996,0.07771,,,,
588.74,74,330.99996,0.07658,,,,
588.99,-56,330.74996,0.07526,,,,
589.24,26,330.49996,0.07786,,,,
589.49,81,330.24996,0.07287,,,,
589.74,-30,329.99996,0.07001,,,,
589.99,36,329.74996,0.06873,,,,
590.24,-152,329.49996,0.07127,,,,
590.49,70,329.24996,0.06911,,,,
590.74,181,328.99996,0.06279,,,,
590.99,-2,328.74996,0.0697,,,,
591.24,143,328.49996,0.06569,,,,
591.49,-112,328.24996,0.06597,,,,
591.74,199,327.99996,0.06333,,,,
591.99,25,327.74996,0.0636,,,,
592.24,119,327.49996,0.06283,,,,
592.49,192,327.24996,0.06255,,,,
592.74,38,326.99996,0.06359,,,,
592.99,132,326.74996,0.06121,,,,
593.24,80,326.49996,0.06099,,,,
593.49,25,326.24996,0.05357,,,,
593.74,7,325.99996,0.056,,,,
593.99,170,325.74996,0.05748,,,,
594.24,62,325.49996,0.06087,,,,
594.49,-147,325.24996,0.06367,,,,
594.74,125,324.99996,0.05779,,,,
594.99,18,324.74996,0.05836,,,,
595.24,162,324.49996,0.05806,,,,
595.49,-115,324.24996,0.05458,,,,
595.74,-56,323.99996,0.05338,,,,
595.99,-132,323.74996,0.05552,,,,
596.24,74,323.49996,0.05724,,,,
596.49,-46,323.24996,0.05837,,,,
596.74,-44,322.99996,0.0498,,,,
596.99,90,322.74996,0.04907,,,,
597.24,-148,322.49995,0.05305,,,,
597.49,26,322.24995,0.05128,,,,
597.74,-19,321.99995,0.05921,,,,
597.99,-96,321.74995,0.05036,,,,
598.24,150,321.49995,0.04883,,,,
598.49,-72,321.24995,0.04796,,,,
598.74,148,320.99995,0.05365,,,,
598.99,-204,320.74995,0.05275,,,,
599.24,-79,320.49995,0.0552,,,,
599.49,142,320.24995,0.0444,,,,
599.74,125,319.99995,0.05603,,,,
599.99,4,319.74995,0.05692,,,,
600.24,-72,319.49995,0.0482,,,,
600.49,173,319.24995,0.05181,,,,
600.74,23,318.99995,0.05571,,,,
600.99,-62,318.74995,0.05289,,,,
601.24,-162,318.49995,0.05133,,,,
601.49,-42,318.24995,0.0542,,,,
601.74,132,317.99995,0.05409,,,,
601.99,112,317.74995,0.04976,,,,
602.24,131,317.49995,0.0552,,,,
602.49,40,317.24995,0.05013,,,,
602.74,56,316.99995,0.05409,,,,
602.99,126,316.74995,0.0547,,,,
603.24,-49,316.49995,0.05486,,,,
603.49,-27,316.24995,0.05362,,,,
603.74,-97,315.99995,0.05738,,,,
603.99,65,315.74995,0.05303,,,,
604.24,-69,315.49995,0.05323,,,,
604.49,56,315.24995,0.05607,,,,
604.74,-71,314.99995,0.05466,,,,
604.99,52,314.74995,0.05692,,,,
605.24,98,314.49995,0.05971,,,,
605.49,-18,314.24995,0.06339,,,,
605.74,30,313.99995,0.0612,,,,
605.99,-16,313.74995,0.06578,,,,
606.24,141,313.49995,0.06749,,,,
606.49,-19,313.24995,0.06329,,,,
606.74,-78,312.99995,0.06529,,,,
606.99,-6,312.74995,0.06606,,,,
607.24,44,312.49995,0.07115,,,,
607.49,222,312.24995,0.06021,,,,
607.74,-90,311.99995,0.07008,,,,
607.99,111,311.74995,0.07321,,,,
608.24,391,311.49995,0.06999,,,,
608.49,149,311.24995,0.06909,,,,
608.74,92,310.99995,0.07579,,,,
608.99,-47,310.74995,0.07435,,,,
609.24,-76,310.49995,0.07156,,,,
609.49,-92,310.24995,0.07087,,,,
609.74,70,309.99995,0.07993,,,,
609.99,-27,309.74995,0.07528,,,,
610.24,68,309.49995,0.07579,,,,
610.49,0,309.24995,0.07751,,,,
610.74,287,308.99995,0.07883,,,,
610.99,-73,308.74995,0.08001,,,,
611.24,-73,308.49995,0.0814,,,,
611.49,-59,308.24995,0.08341,,,,
611.74,104,307.99995,0.08518,,,,
611.99,27,307.74995,0.0886,,,,
612.24,60,307.49995,0.09012,,,,
612.49,-225,307.24995,0.09277,,,,
612.74,128,306.99995,0.09513,,,,
612.99,41,306.74995,0.09964,,,,
613.24,123,306.49995,0.1012,,,,
613.49,-14,306.24995,0.1007,,,,
613.74,177,305.99995,0.10142,,,,
613.99,269,305.74995,0.10377,,,,
614.24,163,305.49995,0.10692,,,,
614.49,-30,305.24995,0.11114,,,,
614.74,-54,304.99995,0.11375,,,,
614.99,227,304.74995,0.11778,,,,
615.24,-2,304.49995,0.1171,,,,
615.49,10,304.24995,0.12201,,,,
615.74,12,303.99995,0.12408,,,,
615.99,-75,303.74995,0.12649,,,,
616.24,28,303.49995,0.12878,,,,
616.49,107,303.24995,0.13165,,,,
616.74,221,302.99995,0.13313,,,,
616.99,-21,302.74995,0.1377,,,,
617.24,48,302.49995,0.14117,,,,
617.49,95,302.24995,0.1432,,,,
617.74,-19,301.99995,0.14616,,,,
617.99,-70,301.74995,0.14806,,,,
618.24,63,301.49995,0.15141,,,,
618.49,151,301.24995,0.15305,,,,
618.74,217,300.99995,0.15753,,,,
618.99,80,300.74995,0.1608,,,,
619.24,16,300.49995,0.1614,,,,
619.49,141,300.24995,0.16403,,,,
619.74,-15,299.99995,0.16578,,,,
619.99,-193,299.74995,0.1672,,,,
620.24,185,299.49995,0.16917,,,,
620.49,40,299.24995,0.17436,,,,
620.74,195,298.99995,0.17517,,,,
620.99,-12,298.74995,0.17726,,,,
621.24,-65,298.49995,0.18051,,,,
621.49,81,298.24995,0.18086,,,,
621.74,-102,297.99995,0.18487,,,,
621.99,181,297.74995,0.18535,,,,
622.24,88,297.49995,0.18881,,,,
622.49,101,297.24995,0.18886,,,,
622.74,145,296.99995,0.19236,,,,
622.99,263,296.74995,0.19354,,,,
623.24,-8,296.49995,0.19325,,,,
623.49,-174,296.24995,0.19458,,,,
623.74,174,295.99995,0.19508,,,,
623.99,41,295.74995,0.19729,,,,
624.24,132,295.49995,0.1971,,,,
624.49,-7,295.24995,0.19928,,,,
624.74,245,294.99995,0.1996,,,,
624.99,187,294.74995,0.20264,,,,
625.24,207,294.49995,0.20061,,,,
625.49,14,294.24995,0.19963,,,,
625.74,-31,293.99995,0.20075,,,,
625.99,116,293.74995,0.20091,,,,
626.24,22,293.49995,0.20177,,,,
626.49,-170,293.24995,0.20324,,,,
626.74,199,292.99995,0.20428,,,,
626.99,192,292.74995,0.20358,,,,
627.24,202,292.49995,0.20499,,,,
627.49,96,292.24995,0.20476,,,,
627.74,199,291.99995,0.20542,,,,
627.99,-36,291.74995,0.20458,,,,
628.24,43,291.49995,0.20644,,,,
628.49,217,291.24995,0.20659,,,,
628.74,31,290.99995,0.20468,,,,
628.99,166,290.74995,0.20622,,,,
629.24,-132,290.49995,0.20731,,,,
629.49,91,290.24995,0.20756,,,,
629.74,-129,289.99995,0.20862,,,,
629.99,318,289.74995,0.20957,,,,
630.24,192,289.49995,0.20851,,,,
630.49,130,289.24995,0.20999,,,,
630.74,253,288.99995,0.2097,,,,
630.99,25,288.74995,0.20969,,,,
631.24,191,288.49995,0.21193,,,,
631.49,138,288.24995,0.21286,,,,
631.74,16,287.99995,0.21159,,,,
631.99,73,287.74995,0.21486,,,,
632.24,-73,287.49995,0.21411,,,,
632.49,289,287.24995,0.21907,,,,
632.74,-150,286.99995,0.21939,,,,
632.99,177,286.74995,0.2202,,,,
633.24,20,286.49995,0.22234,,,,
633.49,100,286.24995,0.22275,,,,
633.74,-79,285.99995,0.22123,,,,
633.99,-15,285.74995,0.22424,,,,
634.24,145,285.49995,0.22482,,,,
634.49,118,285.24995,0.22584,,,,
634.74,222,284.99995,0.22729,,,,
634.99,-33,284.74995,0.2272,,,,
635.24,132,284.49995,0.22836,,,,
635.49,-7,284.24995,0.2301,,,,
635.74,99,283.99995,0.23329,,,,
635.99,167,283.74995,0.23445,,,,
636.24,-7,283.49995,0.23538,,,,
636.49,69,283.24995,0.23484,,,,
636.74,163,282.99995,0.23706,,,,
636.99,-61,282.74995,0.23599,,,,
637.24,55,282.49995,0.23778,,,,
637.49,203,282.24995,0.23826,,,,
637.74,22,281.99995,0.2393,,,,
637.99,193,281.74995,0.24209,,,,
638.24,129,281.49995,0.2407,,,,
638.49,27,281.24995,0.2406,,,,
638.74,-25,280.99995,0.24368,,,,
638.99,121,280.74995,0.24233,,,,
639.24,-70,280.49995,0.24262,,,,
639.49,4,280.24995,0.24207,,,,
639.74,90,279.99995,0.24296,,,,
639.99,172,279.74995,0.24454,,,,
640.24,-65,279.49995,0.24211,,,,
640.49,107,279.24995,0.24536,,,,
640.74,-72,278.99995,0.24487,,,,
640.99,111,278.74995,0.24443,,,,
641.24,173,278.49995,0.24568,,,,
641.49,-34,278.24995,0.24587,,,,
641.74,31,277.99995,0.24626,,,,
641.99,51,277.74995,0.248,,,,
642.24,69,277.49995,0.24717,,,,
642.49,-105,277.24995,0.24755,,,,
642.74,198,276.99995,0.24708,,,,
642.99,95,276.74995,0.24815,,,,
643.24,24,276.49995,0.24837,,,,
643.49,188,276.24995,0.24799,,,,
643.74,-55,275.99995,0.24788,,,,
643.99,63,275.74995,0.24722,,,,
644.24,26,275.49995,0.24934,,,,
644.49,25,275.24995,0.24645,,,,
644.74,36,274.99995,0.24771,,,,
644.99,74,274.74995,0.24743,,,,
645.24,47,274.49995,0.24583,,,,
645.49,104,274.24995,0.24635,,,,
645.74,179,273.99995,0.24367,,,,
645.99,9,273.74995,0.24354,,,,
646.24,-33,273.49995,0.24237,,,,
646.49,96,273.24995,0.24293,,,,
646.74,19,272.99995,0.24109,,,,
646.99,40,272.74995,0.24149,,,,
647.24,199,272.49995,0.23892,,,,
647.49,162,272.24995,0.23934,,,,
647.74,114,271.99995,0.23542,,,,
647.99,92,271.74995,0.23468,,,,
648.24,47,271.49995,0.23302,,,,
648.49,-24,271.24995,0.23151,,,,
648.74,39,270.99995,0.23093,,,,
648.99,44,270.74995,0.22965,,,,
649.24,55,270.49995,0.22788,,,,
649.49,-28,270.24995,0.22612,,,,
649.74,-49,269.99995,0.22443,,,,
649.99,66,269.74995,0.2217,,,,
650.24,280,269.49995,0.22063,,,,
650.49,102,269.24995,0.21973,,,,
650.74,84,268.99995,0.2163,,,,
650.99,44,268.74995,0.21426,,,,
651.24,105,268.49995,0.21046,,,,
651.49,172,268.24995,0.20862,,,,
651.74,-133,267.99995,0.20838,,,,
651.99,17,267.74995,0.20831,,,,
652.24,217,267.49995,0.20644,,,,
652.49,74,267.24995,0.2049,,,,
652.74,78,266.99995,0.20399,,,,
652.99,-70,266.74995,0.2018,,,,
653.24,243,266.49995,0.19834,,,,
653.49,118,266.24995,0.19817,,,,
653.74,71,265.99995,0.19672,,,,
653.99,-139,265.74995,0.1946,,,,
654.24,-8,265.49995,0.19403,,,,
654.49,156,265.24995,0.1946,,,,
654.74,-117,264.99995,0.19212,,,,
654.99,14,264.74995,0.19223,,,,
655.24,15,264.49995,0.18985,,,,
655.49,240,264.24995,0.18891,,,,
655.74,132,263.99995,0.18919,,,,
655.99,138,263.74995,0.18994,,,,
656.24,88,263.49995,0.18894,,,,
656.49,-92,263.24995,0.18826,,,,
656.74,136,262.99995,0.18906,,,,
656.99,-9,262.74995,0.18796,,,,
657.24,-7,262.49995,0.1901,,,,
657.49,14,262.24995,0.18887,,,,
657.74,0,261.99995,0.19062,,,,
657.99,280,261.74995,0.19227,,,,
658.25,47,261.49995,0.19308,,,,
658.5,130,261.24995,0.19532,,,,
658.75,110,260.99995,0.1954,,,,
659,7,260.74995,0.19748,,,,
659.25,133,260.49995,0.19899,,,,
659.5,-66,260.24995,0.20106,,,,
659.75,29,259.99995,0.20241,,,,
660,31,259.74995,0.20728,,,,
660.25,221,259.49995,0.21035,,,,
660.5,-86,259.24995,0.21412,,,,
660.75,55,258.99995,0.21909,,,,
661,59,258.74995,0.22462,,,,
661.25,308,258.49995,0.22724,,,,
661.5,221,258.24995,0.2329,,,,
661.75,-10,257.99995,0.23839,,,,
662,49,257.74995,0.24438,,,,
662.25,81,257.49995,0.249,,,,
662.5,316,257.24995,0.25875,,,,
662.75,101,256.99995,0.26714,,,,
663,-11,256.74995,0.27553,,,,
663.25,110,256.49995,0.28347,,,,
663.5,220,256.24995,0.29455,,,,
663.75,131,255.99995,0.30305,,,,
664,-70,255.74995,0.31194,,,,
664.25,-38,255.49995,0.32344,,,,
664.5,164,255.24995,0.33524,,,,
664.75,-11,254.99995,0.34452,,,,
665,-65,254.74995,0.34882,,,,
665.25,-125,254.49995,0.3579,,,,
665.5,80,254.24995,0.36784,,,,
665.75,8,253.99995,0.38255,,,,
666,142,253.74995,0.39529,,,,
666.25,-88,253.49995,0.40809,,,,
666.5,257,253.24995,0.42175,,,,
666.75,88,252.99995,0.43465,,,,
667,81,252.74995,0.44723,,,,
667.25,-75,252.49995,0.46079,,,,
667.5,40,252.24995,0.4737,,,,
667.75,228,251.99995,0.48475,,,,
668,64,251.74995,0.49784,,,,
668.25,87,251.49995,0.50921,,,,
668.5,142,251.24995,0.52184,,,,
668.75,146,250.99995,0.5318,,,,
669,240,250.74995,0.54196,,,,
669.25,48,250.49995,0.55055,,,,
669.5,-39,250.24995,0.55613,,,,
669.75,-117,249.99995,0.56583,,,,
670,167,249.74995,0.57109,,,,
670.25,184,249.49995,0.57706,,,,
670.5,-155,249.24995,0.57982,,,,
670.75,74,248.99995,0.58274,,,,
671,-17,248.74995,0.58613,,,,
671.25,216,248.49995,0.58911,,,,
671.5,195,248.24995,0.58971,,,,
671.75,-98,247.99995,0.58999,,,,
672,-109,247.74995,0.5911,,,,
672.25,155,247.49995,0.59136,,,,
672.5,160,247.24995,0.59085,,,,
672.75,-121,246.99995,0.58857,,,,
673,-36,246.74995,0.58527,,,,
673.25,241,246.49995,0.58374,,,,
673.5,226,246.24995,0.58157,,,,
673.75,32,245.99995,0.5767,,,,
674,-3,245.74995,0.57399,,,,
674.25,174,245.49995,0.57083,,,,
674.5,134,245.24995,0.56971,,,,
674.75,71,244.99995,0.56449,,,,
675,67,244.74995,0.56073,,,,
675.25,-2,244.49995,0.55612,,,,
675.5,143,244.24995,0.55402,,,,
675.75,55,243.99995,0.54995,,,,
676,171,243.74995,0.54405,,,,
676.25,-110,243.49995,0.53991,,,,
676.5,120,243.24995,0.53487,,,,
676.75,217,242.99995,0.52777,,,,
677,236,242.74995,0.5234,,,,
677.25,99,242.49995,0.51819,,,,
677.5,124,242.24995,0.51322,,,,
677.75,55,241.99995,0.51183,,,,
678,-55,241.74995,0.50729,,,,
678.25,75,241.49995,0.50093,,,,
678.5,95,241.24995,0.49302,,,,
678.75,265,240.99995,0.49221,,,,
679,120,240.74995,0.48541,,,,
679.25,65,240.49995,0.48058,,,,
679.5,32,240.24995,0.4786,,,,
679.75,66,239.99995,0.47473,,,,
680,177,239.74995,0.4667,,,,
680.25,-5,239.49995,0.46344,,,,
680.5,-5,239.24995,0.46013,,,,
680.75,-26,238.99995,0.45619,,,,
681,98,238.74995,0.45292,,,,
681.25,188,238.49994,0.44774,,,,
681.5,14,238.24994,0.44506,,,,
681.75,30,237.99994,0.43952,,,,
682,-25,237.74994,0.43703,,,,
682.25,166,237.49994,0.43362,,,,
682.5,-92,237.24994,0.42891,,,,
682.75,34,236.99994,0.42693,,,,
683,-18,236.74994,0.41991,,,,
683.25,162,236.49994,0.41982,,,,
683.5,104,236.24994,0.41864,,,,
683.75,-36,235.99994,0.41347,,,,
684,78,235.74994,0.40979,,,,
684.25,27,235.49994,0.40923,,,,
684.5,177,235.24994,0.40712,,,,
684.75,-34,234.99994,0.40496,,,,
685,50,234.74994,0.40289,,,,
685.25,82,234.49994,0.40238,,,,
685.5,109,234.24994,0.40264,,,,
685.75,78,233.99994,0.39819,,,,
686,55,233.74994,0.39834,,,,
686.25,157,233.49994,0.39687,,,,
686.5,173,233.24994,0.39804,,,,
686.75,243,232.99994,0.39665,,,,
687,215,232.74994,0.39715,,,,
687.25,2,232.49994,0.39835,,,,
687.5,71,232.24994,0.40247,,,,
687.75,67,231.99994,0.40023,,,,
688,10,231.74994,0.39924,,,,
688.25,0,231.49994,0.40133,,,,
688.5,3,231.24994,0.40091,,,,
688.75,129,230.99994,0.40425,,,,
689,-7,230.74994,0.4036,,,,
689.25,253,230.49994,0.4071,,,,
689.5,38,230.24994,0.40655,,,,
689.75,44,229.99994,0.40434,,,,
690,119,229.74994,0.40589,,,,
690.25,0,229.49994,0.40952,,,,
690.5,55,229.24994,0.40894,,,,
690.75,14,228.99994,0.41454,,,,
691,147,228.74994,0.41366,,,,
691.25,87,228.49994,0.41403,,,,
691.5,96,228.24994,0.41708,,,,
691.75,236,227.99994,0.41893,,,,
692,28,227.74994,0.41536,,,,
692.25,251,227.49994,0.42094,,,,
692.5,114,227.24994,0.41928,,,,
692.75,158,226.99994,0.42459,,,,
693,165,226.74994,0.42204,,,,
693.25,-31,226.49994,0.42432,,,,
693.5,11,226.24994,0.42516,,,,
693.75,2,225.99994,0.42853,,,,
694,104,225.74994,0.42811,,,,
694.25,59,225.49994,0.43259,,,,
694.5,132,225.24994,0.43051,,,,
694.75,162,224.99994,0.4357,,,,
695,70,224.74994,0.43451,,,,
695.25,168,224.49994,0.43598,,,,
695.5,84,224.24994,0.43357,,,,
695.75,293,223.99994,0.43499,,,,
696,59,223.74994,0.43621,,,,
696.25,-10,223.49994,0.43569,,,,
696.5,121,223.24994,0.43355,,,,
696.75,167,222.99994,0.43676,,,,
697,271,222.74994,0.43847,,,,
697.25,222,222.49994,0.43796,,,,
697.5,69,222.24994,0.43469,,,,
697.75,56,221.99994,0.43768,,,,
698,110,221.74994,0.43561,,,,
698.25,67,221.49994,0.43311,,,,
698.5,-49,221.24994,0.43202,,,,
698.75,-43,220.99994,0.43407,,,,
699,53,220.74994,0.42876,,,,
699.25,118,220.49994,0.43187,,,,
699.5,67,220.24994,0.42777,,,,
699.75,176,219.99994,0.4258,,,,
700,3,219.74994,0.42507,,,,